UniProtKB:P14770	Platelet glycoprotein IX		GO:0007596		UniProt	NCBITaxon:9606	IEA	UniProtKB-KW:KW-0094	PANTHER:PTHR22650	protein	UniProtKB:P14770	GO_REF:0000043	20250428
UniProtKB:P14770	Platelet glycoprotein IX		GO:0007596		Ensembl	NCBITaxon:9606	IEA	UniProtKB:O88186|ensembl:ENSMUSP00000032133	PANTHER:PTHR22650	protein	UniProtKB:P14770	GO_REF:0000107	20250313
UniProtKB:P14770	Platelet glycoprotein IX		GO:0007596		PINC	NCBITaxon:9606	TAS		PANTHER:PTHR22650	protein	UniProtKB:P14770	PMID:9432024	20030904
UniProtKB:P14770	Platelet glycoprotein IX		GO:0007597		ComplexPortal	NCBITaxon:9606	IPI		PANTHER:PTHR22650	protein	UniProtKB:P14770	PMID:10501658	20240823
UniProtKB:P14770	Platelet glycoprotein IX		GO:0007597		ComplexPortal	NCBITaxon:9606	NAS		PANTHER:PTHR22650	protein	UniProtKB:P14770	PMID:16293600	20250325
UniProtKB:P53582	Methionine aminopeptidase 1		GO:0070527		UniProt	NCBITaxon:9606	HMP		PANTHER:PTHR43330	protein	UniProtKB:P53582	PMID:23382103	20140721
UniProtKB:Q86UX7	Fermitin family homolog 3		GO:0070527		UniProt	NCBITaxon:9606	ISS	UniProtKB:Q8K1B8	PANTHER:PTHR16160	protein	UniProtKB:Q86UX7	GO_REF:0000024	20091113
UniProtKB:Q86UX7	Fermitin family homolog 3		GO:0070527		Ensembl	NCBITaxon:9606	IEA	UniProtKB:Q8K1B8|ensembl:ENSMUSP00000037858	PANTHER:PTHR16160	protein	UniProtKB:Q86UX7	GO_REF:0000107	20250313
UniProtKB:Q86UX7	Fermitin family homolog 3		GO:0070527		UniProt	NCBITaxon:9606	HMP		PANTHER:PTHR16160	protein	UniProtKB:Q86UX7	PMID:23382103	20140721
UniProtKB:Q86UX7	Fermitin family homolog 3		GO:0070527		GO_Central	NCBITaxon:9606	IBA	PANTHER:PTN002700586|MGI:MGI:2147790	PANTHER:PTHR16160	protein		GO_REF:0000033	20200319
UniProtKB:P16885	1-phosphatidylinositol 4,5-bisphosphate phosphodiesterase gamma-2		GO:0030168		Reactome	NCBITaxon:9606	TAS		PANTHER:PTHR10336	protein	UniProtKB:P16885	Reactome:R-HSA-76002	20241117
UniProtKB:P23142	Fibulin-1		GO:0072378		UniProt	NCBITaxon:9606	IDA		PANTHER:PTHR24050	protein	UniProtKB:P23142	PMID:7642629	20150501
UniProtKB:P78329	Cytochrome P450 4F2		GO:0007596		UniProt	NCBITaxon:9606	TAS		PANTHER:PTHR24291	protein	UniProtKB:P78329	PMID:19297519	20140828
UniProtKB:P78329	Cytochrome P450 4F2		GO:0007596		UniProt	NCBITaxon:9606	TAS		PANTHER:PTHR24291	protein	UniProtKB:P78329	PMID:24138531	20140828
UniProtKB:P43405	Tyrosine-protein kinase SYK		GO:0030168		Reactome	NCBITaxon:9606	TAS		PANTHER:PTHR24418	protein	UniProtKB:P43405	Reactome:R-HSA-76002	20241117
UniProtKB:P63261	Actin, cytoplasmic 2		GO:0070527		UniProt	NCBITaxon:9606	HMP		PANTHER:PTHR11937	protein	UniProtKB:P63261	PMID:23382103	20140721
UniProtKB:Q15465	Sonic hedgehog protein		GO:0007596		Ensembl	NCBITaxon:9606	IEA	UniProtKB:Q62226|ensembl:ENSMUSP00000002708	PANTHER:PTHR11889	protein	UniProtKB:Q15465	GO_REF:0000107	20250313
UniProtKB:O00203	AP-3 complex subunit beta-1		GO:0007596		Ensembl	NCBITaxon:9606	IEA	UniProtKB:Q9Z1T1|ensembl:ENSMUSP00000022196	PANTHER:PTHR11134	protein	UniProtKB:O00203	GO_REF:0000107	20250313
UniProtKB:P63092	Guanine nucleotide-binding protein G(s) subunit alpha isoforms short		GO:0070527		UniProt	NCBITaxon:9606	IDA			protein	UniProtKB:P63092	PMID:12719376	20131106
UniProtKB:Q8TF42	Ubiquitin-associated and SH3 domain-containing protein B		GO:0030168		Ensembl	NCBITaxon:9606	IEA	UniProtKB:Q8BGG7|ensembl:ENSMUSP00000043865	PANTHER:PTHR16469	protein	UniProtKB:Q8TF42	GO_REF:0000107	20250313
UniProtKB:Q8TF42	Ubiquitin-associated and SH3 domain-containing protein B		GO:0070527		Ensembl	NCBITaxon:9606	IEA	UniProtKB:Q8BGG7|ensembl:ENSMUSP00000043865	PANTHER:PTHR16469	protein	UniProtKB:Q8TF42	GO_REF:0000107	20250313
UniProtKB:Q8TF42	Ubiquitin-associated and SH3 domain-containing protein B		GO:0070527		GO_Central	NCBITaxon:9606	IBA	PANTHER:PTN000420280|MGI:MGI:1920078	PANTHER:PTHR16469	protein		GO_REF:0000033	20170828
UniProtKB:P16671	Platelet glycoprotein 4		GO:0007596		PINC	NCBITaxon:9606	TAS		PANTHER:PTHR11923	protein	UniProtKB:P16671	PMID:2468670	20030904
UniProtKB:Q15652	Probable JmjC domain-containing histone demethylation protein 2C		GO:0007596		Reactome	NCBITaxon:9606	TAS		PANTHER:PTHR12549	protein	UniProtKB:Q15652	Reactome:R-HSA-109582	20241117
UniProtKB:P30101	Protein disulfide-isomerase A3		GO:0070527		Ensembl	NCBITaxon:9606	IEA	UniProtKB:P27773|ensembl:ENSMUSP00000028683	PANTHER:PTHR18929	protein	UniProtKB:P30101	GO_REF:0000107	20250313
UniProtKB:P40197	Platelet glycoprotein V		GO:0007596		UniProt	NCBITaxon:9606	IEA	UniProtKB-KW:KW-0094	PANTHER:PTHR45617	protein	UniProtKB:P40197	GO_REF:0000043	20250428
UniProtKB:P40197	Platelet glycoprotein V		GO:0007597		ComplexPortal	NCBITaxon:9606	IPI		PANTHER:PTHR45617	protein	UniProtKB:P40197	PMID:10501658	20240823
UniProtKB:P40197	Platelet glycoprotein V		GO:0007597		ComplexPortal	NCBITaxon:9606	NAS		PANTHER:PTHR45617	protein	UniProtKB:P40197	PMID:16293600	20250325
UniProtKB:P40197	Platelet glycoprotein V		GO:0007596		GO_Central	NCBITaxon:9606	IBA	PANTHER:PTN000690258|UniProtKB:P40197|MGI:MGI:1096363	PANTHER:PTHR45617	protein		GO_REF:0000033	20220925
UniProtKB:Q12866	Tyrosine-protein kinase Mer		GO:0030168		Ensembl	NCBITaxon:9606	IEA	UniProtKB:Q60805|ensembl:ENSMUSP00000014505	PANTHER:PTHR24416	protein	UniProtKB:Q12866	GO_REF:0000107	20250313
UniProtKB:P02675	Fibrinogen beta chain		GO:0007596		InterPro	NCBITaxon:9606	IEA	InterPro:IPR037579	PANTHER:PTHR19143	protein	UniProtKB:P02675	GO_REF:0000002	20250429
UniProtKB:P02675	Fibrinogen beta chain		GO:0007596		UniProt	NCBITaxon:9606	IEA	UniProtKB-KW:KW-0094	PANTHER:PTHR19143	protein	UniProtKB:P02675	GO_REF:0000043	20250428
UniProtKB:P02675	Fibrinogen beta chain		GO:0030168		InterPro	NCBITaxon:9606	IEA	InterPro:IPR012290	PANTHER:PTHR19143	protein	UniProtKB:P02675	GO_REF:0000002	20250429
UniProtKB:P02675	Fibrinogen beta chain		GO:0070527		BHF-UCL	NCBITaxon:9606	IDA		PANTHER:PTHR19143	protein	UniProtKB:P02675	PMID:6281794	20140410
UniProtKB:P02675	Fibrinogen beta chain		GO:0072378		UniProt	NCBITaxon:9606	IDA		PANTHER:PTHR19143	protein	UniProtKB:P02675	PMID:16846481	20150430
UniProtKB:P02675	Fibrinogen beta chain		GO:0072378		GO_Central	NCBITaxon:9606	IBA	PANTHER:PTN002709771|UniProtKB:P02675|ZFIN:ZDB-GENE-030131-9261	PANTHER:PTHR19143	protein		GO_REF:0000033	20200206
UniProtKB:P02675	Fibrinogen beta chain		GO:0070527		GO_Central	NCBITaxon:9606	IBA	PANTHER:PTN002709771|UniProtKB:P02675	PANTHER:PTHR19143	protein		GO_REF:0000033	20200206
UniProtKB:P12814	Alpha-actinin-1	not	GO:0030168		UniProt	NCBITaxon:9606	IMP		PANTHER:PTHR11915	protein	UniProtKB:P12814	PMID:24069336	20150430
UniProtKB:P12814	Alpha-actinin-1	not	GO:0070527		UniProt	NCBITaxon:9606	IMP		PANTHER:PTHR11915	protein	UniProtKB:P12814	PMID:23434115	20150430
UniProtKB:Q9BZD7	Transmembrane gamma-carboxyglutamic acid protein 3		GO:0007596		GO_Central	NCBITaxon:9606	IBA	PANTHER:PTN002385473|ZFIN:ZDB-GENE-010814-1|UniProtKB:P08709|MGI:MGI:88384|MGI:MGI:1860488|UniProtKB:P00740|MGI:MGI:109325	PANTHER:PTHR24278	protein		GO_REF:0000033	20240606
UniProtKB:Q9BZD6	Transmembrane gamma-carboxyglutamic acid protein 4		GO:0007596		GO_Central	NCBITaxon:9606	IBA	PANTHER:PTN002385473|ZFIN:ZDB-GENE-010814-1|UniProtKB:P08709|MGI:MGI:88384|MGI:MGI:1860488|UniProtKB:P00740|MGI:MGI:109325	PANTHER:PTHR24278	protein		GO_REF:0000033	20240606
UniProtKB:Q08830	Fibrinogen-like protein 1		GO:0007596		InterPro	NCBITaxon:9606	IEA	InterPro:IPR037579	PANTHER:PTHR19143	protein	UniProtKB:Q08830	GO_REF:0000002	20250429
UniProtKB:Q9BY76	Angiopoietin-related protein 4		GO:0007596		InterPro	NCBITaxon:9606	IEA	InterPro:IPR037579	PANTHER:PTHR19143	protein	UniProtKB:Q9BY76	GO_REF:0000002	20250429
UniProtKB:P02461	Collagen alpha-1(III) chain		GO:0030168		UniProt	NCBITaxon:9606	NAS		PANTHER:PTHR24023	protein	UniProtKB:P02461	PMID:9573018	20080201
UniProtKB:P18206	Vinculin		GO:0070527		UniProt	NCBITaxon:9606	HMP		PANTHER:PTHR46180	protein	UniProtKB:P18206	PMID:23382103	20140721
UniProtKB:O00186	Syntaxin-binding protein 3		GO:0070527		UniProt	NCBITaxon:9606	IMP		PANTHER:PTHR11679	protein	UniProtKB:O00186	PMID:12773094	20090826
UniProtKB:P02776	Platelet factor 4		GO:0030168		UniProt	NCBITaxon:9606	IDA		PANTHER:PTHR12015	protein	UniProtKB:P02776	PMID:11685038	20030721
UniProtKB:P29965	CD40 ligand		GO:0030168		UniProt	NCBITaxon:9606	IDA		PANTHER:PTHR11471	protein	UniProtKB:P29965	PMID:9468137	20030723
UniProtKB:P02749	Beta-2-glycoprotein 1		GO:0007597		BHF-UCL	NCBITaxon:9606	IDA		PANTHER:PTHR19325	protein	UniProtKB:P02749	PMID:4052628	20080402
UniProtKB:P12931	Proto-oncogene tyrosine-protein kinase Src		GO:0030168		Reactome	NCBITaxon:9606	TAS		PANTHER:PTHR24418	protein	UniProtKB:P12931	Reactome:R-HSA-76002	20241117
ComplexPortal:CPX-6215	Coagulation factor Xa complex		GO:0072377		ComplexPortal	NCBITaxon:9606	NAS			protein_complex		PMID:12524220	20240823
ComplexPortal:CPX-6216	Coagulation factor Va complex		GO:0007598		ComplexPortal	NCBITaxon:9606	NAS			protein_complex		PMID:12524220	20240823
UniProtKB:Q8IWY4	Signal peptide, CUB and EGF-like domain-containing protein 1		GO:0007596		UniProt	NCBITaxon:9606	NAS		PANTHER:PTHR24046	protein	UniProtKB:Q8IWY4	PMID:12270931	20031216
ComplexPortal:CPX-6221	Coagulation factor Va-Xa complex		GO:0072377		ComplexPortal	NCBITaxon:9606	NAS			protein_complex		PMID:14982929	20240823
UniProtKB:P50148	Guanine nucleotide-binding protein G(q) subunit alpha		GO:0007596		PINC	NCBITaxon:9606	TAS		PANTHER:PTHR10218	protein	UniProtKB:P50148	PMID:9238049	20030904
ComplexPortal:CPX-117	Glycoprotein Ib-IX-V-Filamin-A complex		GO:0007597		ComplexPortal	NCBITaxon:9606	NAS			protein_complex		PMID:16293600	20250325
ComplexPortal:CPX-114	Glycoprotein Ib-IX-V complex		GO:0007597		ComplexPortal	NCBITaxon:9606	IPI			protein_complex		PMID:10501658	20240823
ComplexPortal:CPX-6235	Coagulation factor VIIIa complex, heavy chain variant 2		GO:0007597		ComplexPortal	NCBITaxon:9606	NAS			protein_complex		PMID:12524220	20240827
ComplexPortal:CPX-6234	Kallikrein complex		GO:0007597		ComplexPortal	NCBITaxon:9606	IDA			protein_complex		PMID:874082	20240823
ComplexPortal:CPX-6231	Coagulation factor XIIIa complex		GO:0072378		ComplexPortal	NCBITaxon:9606	IDA			protein_complex		PMID:27363989	20240823
ComplexPortal:CPX-6230	Fibrin clot		GO:0072378		ComplexPortal	NCBITaxon:9606	IDA			protein_complex		PMID:16846481	20240823
ComplexPortal:CPX-6225	Fibrin complex		GO:0072378		ComplexPortal	NCBITaxon:9606	IDA			protein_complex		PMID:16846481	20241126
ComplexPortal:CPX-6223	Thrombin-Thrombomodulin complex		GO:0072377		ComplexPortal	NCBITaxon:9606	NAS			protein_complex		PMID:12524220	20240823
ComplexPortal:CPX-6222	alpha-thrombin complex		GO:0072377		ComplexPortal	NCBITaxon:9606	IDA			protein_complex		PMID:22457833	20240823
UniProtKB:P23743	Diacylglycerol kinase alpha		GO:0030168		UniProt	NCBITaxon:9606	IEA	ARBA:ARBA00027406	PANTHER:PTHR11255	protein	UniProtKB:P23743	GO_REF:0000117	20250428
UniProtKB:P23743	Diacylglycerol kinase alpha		GO:0030168		Reactome	NCBITaxon:9606	TAS		PANTHER:PTHR11255	protein	UniProtKB:P23743	Reactome:R-HSA-76002	20241117
ComplexPortal:CPX-6211	Coagulation factor VIIa complex		GO:0007598		ComplexPortal	NCBITaxon:9606	NAS			protein_complex		PMID:12524220	20241126
ComplexPortal:CPX-6209	Coagulation factor XIIa complex		GO:0007597		ComplexPortal	NCBITaxon:9606	NAS			protein_complex		PMID:18725990	20240823
ComplexPortal:CPX-6205	Coagulation factor XIa complex		GO:0007597		ComplexPortal	NCBITaxon:9606	IDA			protein_complex		PMID:10823824	20240823
ComplexPortal:CPX-6204	Coagulation factor VIIIa-IXa complex		GO:0007597		ComplexPortal	NCBITaxon:9606	NAS			protein_complex		PMID:1730085	20240823
UniProtKB:P19105	Myosin regulatory light chain 12A		GO:0070527		UniProt	NCBITaxon:9606	HMP		PANTHER:PTHR23049	protein	UniProtKB:P19105	PMID:23382103	20140721
UniProtKB:P13224	Platelet glycoprotein Ib beta chain		GO:0007596		UniProt	NCBITaxon:9606	IEA	UniProtKB-KW:KW-0094	PANTHER:PTHR22650	protein	UniProtKB:P13224	GO_REF:0000043	20250428
UniProtKB:P13224	Platelet glycoprotein Ib beta chain		GO:0007596		UniProt	NCBITaxon:9606	IEA	ARBA:ARBA00028854	PANTHER:PTHR22650	protein	UniProtKB:P13224	GO_REF:0000117	20250428
UniProtKB:P13224	Platelet glycoprotein Ib beta chain		GO:0007597		ComplexPortal	NCBITaxon:9606	IPI		PANTHER:PTHR22650	protein	UniProtKB:P13224	PMID:10501658	20240823
UniProtKB:P13224	Platelet glycoprotein Ib beta chain		GO:0007597		ComplexPortal	NCBITaxon:9606	NAS		PANTHER:PTHR22650	protein	UniProtKB:P13224	PMID:16293600	20250325
UniProtKB:P13224	Platelet glycoprotein Ib beta chain		GO:0030168		UniProt	NCBITaxon:9606	NAS		PANTHER:PTHR22650	protein	UniProtKB:P13224	PMID:12871509	20040513
UniProtKB:P22891	Vitamin K-dependent protein Z		GO:0007596		Ensembl	NCBITaxon:9606	IEA	UniProtKB:Q9CQW3|ensembl:ENSMUSP00000033822	PANTHER:PTHR24278	protein	UniProtKB:P22891	GO_REF:0000107	20250313
UniProtKB:P22891	Vitamin K-dependent protein Z		GO:0007596		InterPro	NCBITaxon:9606	IEA	InterPro:IPR012224	PANTHER:PTHR24278	protein	UniProtKB:P22891	GO_REF:0000002	20250429
UniProtKB:P22891	Vitamin K-dependent protein Z		GO:0007596		UniProt	NCBITaxon:9606	IEA	UniProtKB-KW:KW-0094	PANTHER:PTHR24278	protein	UniProtKB:P22891	GO_REF:0000043	20250428
UniProtKB:P22891	Vitamin K-dependent protein Z		GO:0007596		GO_Central	NCBITaxon:9606	IBA	PANTHER:PTN002385473|ZFIN:ZDB-GENE-010814-1|UniProtKB:P08709|MGI:MGI:88384|MGI:MGI:1860488|UniProtKB:P00740|MGI:MGI:109325	PANTHER:PTHR24278	protein		GO_REF:0000033	20240606
UniProtKB:O60353	Frizzled-6		GO:0030168		Ensembl	NCBITaxon:9606	IEA	UniProtKB:Q61089|ensembl:ENSMUSP00000136328	PANTHER:PTHR11309	protein	UniProtKB:O60353	GO_REF:0000107	20250313
UniProtKB:Q9BQB6	Vitamin K epoxide reductase complex subunit 1		GO:0007596		Ensembl	NCBITaxon:9606	IEA	UniProtKB:Q9CRC0|ensembl:ENSMUSP00000033074	PANTHER:PTHR14519	protein	UniProtKB:Q9BQB6	GO_REF:0000107	20250313
UniProtKB:Q9BQB6	Vitamin K epoxide reductase complex subunit 1		GO:0007596		UniProt	NCBITaxon:9606	IMP		PANTHER:PTHR14519	protein	UniProtKB:Q9BQB6	PMID:16270630	20140402
UniProtKB:Q9BQB6	Vitamin K epoxide reductase complex subunit 1		GO:0007596		GO_Central	NCBITaxon:9606	IBA	PANTHER:PTN002684396|UniProtKB:Q9BQB6|MGI:MGI:106442	PANTHER:PTHR14519	protein		GO_REF:0000033	20190321
UniProtKB:P49961	Ectonucleoside triphosphate diphosphohydrolase 1		GO:0030168		Ensembl	NCBITaxon:9606	IEA	UniProtKB:P55772|ensembl:ENSMUSP00000107850	PANTHER:PTHR11782	protein	UniProtKB:P49961	GO_REF:0000107	20250313
UniProtKB:P49961	Ectonucleoside triphosphate diphosphohydrolase 1		GO:0007596		PINC	NCBITaxon:9606	TAS		PANTHER:PTHR11782	protein	UniProtKB:P49961	PMID:8955160	20030904
UniProtKB:P49961	Ectonucleoside triphosphate diphosphohydrolase 1		GO:0070527		UniProt	NCBITaxon:9606	IMP		PANTHER:PTHR11782	protein	UniProtKB:P49961	PMID:8955160	20231017
UniProtKB:P49961	Ectonucleoside triphosphate diphosphohydrolase 1		GO:0070527		UniProt	NCBITaxon:9606	IMP		PANTHER:PTHR11782	protein	UniProtKB:P49961	PMID:8996251	20231020
UniProtKB:O00299	Chloride intracellular channel protein 1		GO:0070527		UniProt	NCBITaxon:9606	HMP		PANTHER:PTHR43920	protein	UniProtKB:O00299	PMID:23382103	20140721
UniProtKB:O00254	Proteinase-activated receptor 3		GO:0007596		InterPro	NCBITaxon:9606	IEA	InterPro:IPR003912|InterPro:IPR003943	PANTHER:PTHR24232	protein	UniProtKB:O00254	GO_REF:0000002	20250429
UniProtKB:O00254	Proteinase-activated receptor 3		GO:0007596		UniProt	NCBITaxon:9606	IEA	UniProtKB-KW:KW-0094	PANTHER:PTHR24232	protein	UniProtKB:O00254	GO_REF:0000043	20250428
UniProtKB:O00254	Proteinase-activated receptor 3		GO:0007596		PINC	NCBITaxon:9606	TAS		PANTHER:PTHR24232	protein	UniProtKB:O00254	PMID:9087410	20030904
UniProtKB:O00254	Proteinase-activated receptor 3		GO:0030168		Reactome	NCBITaxon:9606	TAS		PANTHER:PTHR24232	protein	UniProtKB:O00254	Reactome:R-HSA-76002	20241117
UniProtKB:P21333	Filamin-A		GO:0007597		ComplexPortal	NCBITaxon:9606	NAS		PANTHER:PTHR38537	protein	UniProtKB:P21333	PMID:16293600	20250325
UniProtKB:P21333	Filamin-A		GO:0070527		UniProt	NCBITaxon:9606	HMP		PANTHER:PTHR38537	protein	UniProtKB:P21333	PMID:23382103	20140721
UniProtKB:Q13310	Polyadenylate-binding protein 4		GO:0007596		PINC	NCBITaxon:9606	TAS		PANTHER:PTHR24012	protein	UniProtKB:Q13310	PMID:9030741	20030904
UniProtKB:P08311	Cathepsin G		GO:0030168		UniProt	NCBITaxon:9606	IDA		PANTHER:PTHR24271	protein	UniProtKB:P08311	PMID:10702240	20210906
ComplexPortal:CPX-2808	Coagulation factor VIIa - tissue factor complex		GO:0007596		ComplexPortal	NCBITaxon:9606	NAS			protein_complex		PMID:18640965	20241126
ComplexPortal:CPX-2808	Coagulation factor VIIa - tissue factor complex		GO:0007596	"{""relationship"": {""relation"": [{""id"": ""BFO:0000066"", ""label"": ""occurs in""}], ""id"": ""CL:0002618"", ""label"": ""endothelial cell of umbilical vein""}}"	BHF-UCL	NCBITaxon:9606	IDA			protein_complex		PMID:24998411	20160617
ComplexPortal:CPX-2808	Coagulation factor VIIa - tissue factor complex		GO:0007597		ComplexPortal	NCBITaxon:9606	NAS			protein_complex		PMID:18640965	20241126
ComplexPortal:CPX-2808	Coagulation factor VIIa - tissue factor complex		GO:0007598		ComplexPortal	NCBITaxon:9606	NAS			protein_complex		PMID:18640965	20241126
ComplexPortal:CPX-2808	Coagulation factor VIIa - tissue factor complex		GO:0072378		ComplexPortal	NCBITaxon:9606	NAS			protein_complex		PMID:18640965	20241126
UniProtKB:P06239	Tyrosine-protein kinase Lck		GO:0030168		Reactome	NCBITaxon:9606	TAS		PANTHER:PTHR24418	protein	UniProtKB:P06239	Reactome:R-HSA-76002	20241117
UniProtKB:P04070	Vitamin K-dependent protein C		GO:0007596		InterPro	NCBITaxon:9606	IEA	InterPro:IPR012224	PANTHER:PTHR24278	protein	UniProtKB:P04070	GO_REF:0000002	20250429
UniProtKB:P04070	Vitamin K-dependent protein C		GO:0007596		UniProt	NCBITaxon:9606	IEA	UniProtKB-KW:KW-0094	PANTHER:PTHR24278	protein	UniProtKB:P04070	GO_REF:0000043	20250428
UniProtKB:P04070	Vitamin K-dependent protein C		GO:0007596		GO_Central	NCBITaxon:9606	IBA	PANTHER:PTN002385473|ZFIN:ZDB-GENE-010814-1|UniProtKB:P08709|MGI:MGI:88384|MGI:MGI:1860488|UniProtKB:P00740|MGI:MGI:109325	PANTHER:PTHR24278	protein		GO_REF:0000033	20240606
UniProtKB:P51159	Ras-related protein Rab-27A		GO:0007596		Ensembl	NCBITaxon:9606	IEA	UniProtKB:Q9ERI2|ensembl:ENSMUSP00000139310	PANTHER:PTHR47977	protein	UniProtKB:P51159	GO_REF:0000107	20250313
UniProtKB:Q13574	Diacylglycerol kinase zeta		GO:0030168		UniProt	NCBITaxon:9606	IEA	ARBA:ARBA00027406	PANTHER:PTHR11255	protein	UniProtKB:Q13574	GO_REF:0000117	20250428
UniProtKB:Q13574	Diacylglycerol kinase zeta		GO:0030168		Reactome	NCBITaxon:9606	TAS		PANTHER:PTHR11255	protein	UniProtKB:Q13574	Reactome:R-HSA-76002	20241117
UniProtKB:Q13572	Inositol-tetrakisphosphate 1-kinase		GO:0007596		Reactome	NCBITaxon:9606	TAS		PANTHER:PTHR14217	protein	UniProtKB:Q13572	Reactome:R-HSA-109582	20241117
UniProtKB:P04275	von Willebrand factor		GO:0007596		UniProt	NCBITaxon:9606	IEA	UniProtKB-KW:KW-0094	PANTHER:PTHR11339	protein	UniProtKB:P04275	GO_REF:0000043	20250428
UniProtKB:P04275	von Willebrand factor		GO:0007596		UniProt	NCBITaxon:9606	IMP		PANTHER:PTHR11339	protein	UniProtKB:P04275	PMID:16409464	20070327
UniProtKB:P04275	von Willebrand factor		GO:0030168		UniProt	NCBITaxon:9606	IEA	ARBA:ARBA00027406	PANTHER:PTHR11339	protein	UniProtKB:P04275	GO_REF:0000117	20250428
UniProtKB:P04275	von Willebrand factor		GO:0030168		UniProt	NCBITaxon:9606	NAS		PANTHER:PTHR11339	protein	UniProtKB:P04275	PMID:12871509	20040513
UniProtKB:P04275	von Willebrand factor		GO:0030168		UniProt	NCBITaxon:9606	IDA		PANTHER:PTHR11339	protein	UniProtKB:P04275	PMID:8565074	20070328
UniProtKB:P04275	von Willebrand factor		GO:0007596		GO_Central	NCBITaxon:9606	IBA	PANTHER:PTN002602369|UniProtKB:P04275|MGI:MGI:98941	PANTHER:PTHR11339	protein		GO_REF:0000033	20200929
UniProtKB:Q76LX8	A disintegrin and metalloproteinase with thrombospondin motifs 13		GO:0007596		UniProt	NCBITaxon:9606	IEA	UniProtKB-KW:KW-0094	PANTHER:PTHR13723	protein	UniProtKB:Q76LX8	GO_REF:0000043	20250428
UniProtKB:Q76LX8	A disintegrin and metalloproteinase with thrombospondin motifs 13		GO:0007596		Reactome	NCBITaxon:9606	TAS		PANTHER:PTHR13723	protein	UniProtKB:Q76LX8	Reactome:R-HSA-109582	20241117
UniProtKB:Q76LX8	A disintegrin and metalloproteinase with thrombospondin motifs 13		GO:0030168		UniProt	NCBITaxon:9606	NAS		PANTHER:PTHR13723	protein	UniProtKB:Q76LX8	PMID:11557746	20061130
UniProtKB:Q96QS1	Tetraspanin-32		GO:0007596		Ensembl	NCBITaxon:9606	IEA	UniProtKB:Q9JHH2|ensembl:ENSMUSP00000009396	PANTHER:PTHR19282	protein	UniProtKB:Q96QS1	GO_REF:0000107	20250313
UniProtKB:Q96QS1	Tetraspanin-32		GO:0070527		Ensembl	NCBITaxon:9606	IEA	UniProtKB:Q9JHH2|ensembl:ENSMUSP00000009396	PANTHER:PTHR19282	protein	UniProtKB:Q96QS1	GO_REF:0000107	20250313
UniProtKB:P56704	Protein Wnt-3a		GO:0030168		Ensembl	NCBITaxon:9606	IEA	UniProtKB:P27467|ensembl:ENSMUSP00000010044	PANTHER:PTHR12027	protein	UniProtKB:P56704	GO_REF:0000107	20250313
UniProtKB:P56704	Protein Wnt-3a		GO:0070527		Ensembl	NCBITaxon:9606	IEA	UniProtKB:P27467|ensembl:ENSMUSP00000010044	PANTHER:PTHR12027	protein	UniProtKB:P56704	GO_REF:0000107	20250313
UniProtKB:Q13087	Protein disulfide-isomerase A2		GO:0070527		Ensembl	NCBITaxon:9606	IEA	UniProtKB:D3Z6P0|ensembl:ENSMUSP00000035584	PANTHER:PTHR18929	protein	UniProtKB:Q13087	GO_REF:0000107	20250313
UniProtKB:P24844	Myosin regulatory light polypeptide 9		GO:0070527		UniProt	NCBITaxon:9606	HMP		PANTHER:PTHR23049	protein	UniProtKB:P24844	PMID:23382103	20140721
UniProtKB:P61225	Ras-related protein Rap-2b		GO:0030168		UniProt	NCBITaxon:9606	IDA		PANTHER:PTHR24070	protein	UniProtKB:P61225	PMID:18582561	20140814
UniProtKB:P61225	Ras-related protein Rap-2b		GO:0070527		UniProt	NCBITaxon:9606	IDA		PANTHER:PTHR24070	protein	UniProtKB:P61225	PMID:18582561	20140814
UniProtKB:P04196	Histidine-rich glycoprotein		GO:0007596		UniProt	NCBITaxon:9606	IEA	UniProtKB-KW:KW-0094	PANTHER:PTHR13814	protein	UniProtKB:P04196	GO_REF:0000043	20250428
UniProtKB:P04196	Histidine-rich glycoprotein		GO:0030168		UniProt	NCBITaxon:9606	IDA		PANTHER:PTHR13814	protein	UniProtKB:P04196	PMID:19903770	20110815
UniProtKB:Q13418	Scaffold protein ILK		GO:0070527		UniProt	NCBITaxon:9606	HMP		PANTHER:PTHR44329	protein	UniProtKB:Q13418	PMID:23382103	20140721
UniProtKB:O15162	Phospholipid scramblase 1		GO:0030168		UniProt	NCBITaxon:9606	NAS		PANTHER:PTHR23248	protein	UniProtKB:O15162	PMID:9218461	20010913
UniProtKB:Q13201	Multimerin-1		GO:0007596		PINC	NCBITaxon:9606	TAS		PANTHER:PTHR15427	protein	UniProtKB:Q13201	PMID:9189649	20030904
UniProtKB:O15123	Angiopoietin-2		GO:0007596		InterPro	NCBITaxon:9606	IEA	InterPro:IPR037579	PANTHER:PTHR19143	protein	UniProtKB:O15123	GO_REF:0000002	20250429
UniProtKB:Q96RI0	Proteinase-activated receptor 4		GO:0070527		Ensembl	NCBITaxon:9606	IEA	UniProtKB:O88634|ensembl:ENSMUSP00000054426	PANTHER:PTHR24232	protein	UniProtKB:Q96RI0	GO_REF:0000107	20250313
UniProtKB:Q96RI0	Proteinase-activated receptor 4		GO:0007596		InterPro	NCBITaxon:9606	IEA	InterPro:IPR003912|InterPro:IPR003944	PANTHER:PTHR24232	protein	UniProtKB:Q96RI0	GO_REF:0000002	20250429
UniProtKB:Q96RI0	Proteinase-activated receptor 4		GO:0007596		UniProt	NCBITaxon:9606	IEA	UniProtKB-KW:KW-0094	PANTHER:PTHR24232	protein	UniProtKB:Q96RI0	GO_REF:0000043	20250428
UniProtKB:Q96RI0	Proteinase-activated receptor 4		GO:0007596		PINC	NCBITaxon:9606	TAS		PANTHER:PTHR24232	protein	UniProtKB:Q96RI0	PMID:10500152	20050308
UniProtKB:Q96RI0	Proteinase-activated receptor 4		GO:0030168		UniProt	NCBITaxon:9606	IEA	ARBA:ARBA00027406	PANTHER:PTHR24232	protein	UniProtKB:Q96RI0	GO_REF:0000117	20250428
UniProtKB:Q96RI0	Proteinase-activated receptor 4		GO:0030168		UniProt	NCBITaxon:9606	IDA		PANTHER:PTHR24232	protein	UniProtKB:Q96RI0	PMID:10702240	20210906
UniProtKB:Q96RI0	Proteinase-activated receptor 4		GO:0030168		Reactome	NCBITaxon:9606	TAS		PANTHER:PTHR24232	protein	UniProtKB:Q96RI0	Reactome:R-HSA-76002	20241117
UniProtKB:P02751	Fibronectin		GO:0072378		BHF-UCL	NCBITaxon:9606	IDA		PANTHER:PTHR46708	protein	UniProtKB:P02751	PMID:3997886	20250410
UniProtKB:P35579	Myosin-9		GO:0070527		UniProt	NCBITaxon:9606	HMP		PANTHER:PTHR45615	protein	UniProtKB:P35579	PMID:23382103	20140721
UniProtKB:P29274	Adenosine receptor A2a		GO:0007596		PINC	NCBITaxon:9606	TAS		PANTHER:PTHR24246	protein	UniProtKB:P29274	PMID:10899090	20030904
UniProtKB:O75954	Tetraspanin-9		GO:0070527		Ensembl	NCBITaxon:9606	IEA	UniProtKB:Q8BJU2|ensembl:ENSMUSP00000107796	PANTHER:PTHR19282	protein	UniProtKB:O75954	GO_REF:0000107	20250313
UniProtKB:O75912	Diacylglycerol kinase iota		GO:0030168		UniProt	NCBITaxon:9606	IEA	ARBA:ARBA00027406	PANTHER:PTHR11255	protein	UniProtKB:O75912	GO_REF:0000117	20250428
UniProtKB:O75912	Diacylglycerol kinase iota		GO:0030168		Reactome	NCBITaxon:9606	TAS		PANTHER:PTHR11255	protein	UniProtKB:O75912	Reactome:R-HSA-76002	20241117
UniProtKB:Q03405	Urokinase plasminogen activator surface receptor		GO:0007596		PINC	NCBITaxon:9606	TAS		PANTHER:PTHR10624	protein	UniProtKB:Q03405	PMID:8049431	20030904
UniProtKB:Q03405	Urokinase plasminogen activator surface receptor		GO:0007596		UniProt	NCBITaxon:9606	NAS		PANTHER:PTHR10624	protein	UniProtKB:Q03405	PMID:8392005	20050308
UniProtKB:O14668	Transmembrane gamma-carboxyglutamic acid protein 1		GO:0007596		GO_Central	NCBITaxon:9606	IBA	PANTHER:PTN002385473|ZFIN:ZDB-GENE-010814-1|UniProtKB:P08709|MGI:MGI:88384|MGI:MGI:1860488|UniProtKB:P00740|MGI:MGI:109325	PANTHER:PTHR24278	protein		GO_REF:0000033	20240606
UniProtKB:O14669	Transmembrane gamma-carboxyglutamic acid protein 2		GO:0007596		GO_Central	NCBITaxon:9606	IBA	PANTHER:PTN002385473|ZFIN:ZDB-GENE-010814-1|UniProtKB:P08709|MGI:MGI:88384|MGI:MGI:1860488|UniProtKB:P00740|MGI:MGI:109325	PANTHER:PTHR24278	protein		GO_REF:0000033	20240606
UniProtKB:Q9UPZ3	BLOC-2 complex member HPS5		GO:0007596		Ensembl	NCBITaxon:9606	IEA	UniProtKB:P59438|ensembl:ENSMUSP00000014562	PANTHER:PTHR23287	protein	UniProtKB:Q9UPZ3	GO_REF:0000107	20250313
UniProtKB:Q9UPY5	Cystine/glutamate transporter		GO:0070527		Ensembl	NCBITaxon:9606	IEA	UniProtKB:Q9WTR6|ensembl:ENSMUSP00000029297	PANTHER:PTHR11785	protein	UniProtKB:Q9UPY5	GO_REF:0000107	20250313
UniProtKB:Q9H4B7	Tubulin beta-1 chain		GO:0070527		Ensembl	NCBITaxon:9606	IEA	UniProtKB:A2AQ07|ensembl:ENSMUSP00000016399	PANTHER:PTHR11588	protein	UniProtKB:Q9H4B7	GO_REF:0000107	20250313
UniProtKB:Q5JWF2	Guanine nucleotide-binding protein G(s) subunit alpha isoforms XLas		GO:0070527		UniProt	NCBITaxon:9606	IMP		PANTHER:PTHR10218	protein	UniProtKB:Q5JWF2	PMID:12719376	20131106
UniProtKB:P00750	Tissue-type plasminogen activator		GO:0007596		PINC	NCBITaxon:9606	TAS		PANTHER:PTHR24264	protein	UniProtKB:P00750	PMID:3839198	20030904
UniProtKB:P00749	Urokinase-type plasminogen activator		GO:0007596		UniProt	NCBITaxon:9606	IEA	UniProtKB-KW:KW-0094	PANTHER:PTHR24264	protein	UniProtKB:P00749	GO_REF:0000043	20250428
UniProtKB:P00748	Coagulation factor XII		GO:0007596		Ensembl	NCBITaxon:9606	IEA	UniProtKB:Q80YC5|ensembl:ENSMUSP00000021948	PANTHER:PTHR24264	protein	UniProtKB:P00748	GO_REF:0000107	20250313
UniProtKB:P00748	Coagulation factor XII		GO:0007596		UniProt	NCBITaxon:9606	IEA	UniProtKB-KW:KW-0094	PANTHER:PTHR24264	protein	UniProtKB:P00748	GO_REF:0000043	20250428
UniProtKB:P00748	Coagulation factor XII		GO:0007597		BHF-UCL	NCBITaxon:9606	IC	GO:0016540	PANTHER:PTHR24264	protein	UniProtKB:P00748	PMID:18725990	20081015
UniProtKB:P00748	Coagulation factor XII		GO:0007596		GO_Central	NCBITaxon:9606	IBA	PANTHER:PTN002800021|MGI:MGI:1891012	PANTHER:PTHR24264	protein		GO_REF:0000033	20230603
UniProtKB:P00747	Plasminogen		GO:0007596		UniProt	NCBITaxon:9606	IEA	UniProtKB-KW:KW-0094	PANTHER:PTHR24261	protein	UniProtKB:P00747	GO_REF:0000043	20250428
UniProtKB:P00747	Plasminogen		GO:0007596		HGNC-UCL	NCBITaxon:9606	IMP		PANTHER:PTHR24261	protein	UniProtKB:P00747	PMID:1986355	20070424
UniProtKB:P00742	Coagulation factor X		GO:0007596		InterPro	NCBITaxon:9606	IEA	InterPro:IPR012224	PANTHER:PTHR24278	protein	UniProtKB:P00742	GO_REF:0000002	20250429
UniProtKB:P00742	Coagulation factor X		GO:0007596		UniProt	NCBITaxon:9606	IEA	UniProtKB-KW:KW-0094	PANTHER:PTHR24278	protein	UniProtKB:P00742	GO_REF:0000043	20250428
UniProtKB:P00742	Coagulation factor X		GO:0007596		BHF-UCL	NCBITaxon:9606	IC	GO:0004252	PANTHER:PTHR24278	protein	UniProtKB:P00742	PMID:17469850	20090416
UniProtKB:P00742	Coagulation factor X		GO:0007596		PINC	NCBITaxon:9606	TAS		PANTHER:PTHR24278	protein	UniProtKB:P00742	PMID:6587384	20030904
UniProtKB:P00742	Coagulation factor X		GO:0007596		GO_Central	NCBITaxon:9606	IBA	PANTHER:PTN002385473|ZFIN:ZDB-GENE-010814-1|UniProtKB:P08709|MGI:MGI:88384|MGI:MGI:1860488|UniProtKB:P00740|MGI:MGI:109325	PANTHER:PTHR24278	protein		GO_REF:0000033	20240606
UniProtKB:P00740	Coagulation factor IX		GO:0007596		Ensembl	NCBITaxon:9606	IEA	UniProtKB:P16294|ensembl:ENSMUSP00000033477	PANTHER:PTHR24278	protein	UniProtKB:P00740	GO_REF:0000107	20250313
UniProtKB:P00740	Coagulation factor IX		GO:0007596		InterPro	NCBITaxon:9606	IEA	InterPro:IPR012224	PANTHER:PTHR24278	protein	UniProtKB:P00740	GO_REF:0000002	20250429
UniProtKB:P00740	Coagulation factor IX		GO:0007596		UniProt	NCBITaxon:9606	IEA	UniProtKB-KW:KW-0094	PANTHER:PTHR24278	protein	UniProtKB:P00740	GO_REF:0000043	20250428
UniProtKB:P00740	Coagulation factor IX		GO:0007596		UniProt	NCBITaxon:9606	IEA	ARBA:ARBA00028854	PANTHER:PTHR24278	protein	UniProtKB:P00740	GO_REF:0000117	20250428
UniProtKB:P00740	Coagulation factor IX		GO:0007596		UniProt	NCBITaxon:9606	IDA		PANTHER:PTHR24278	protein	UniProtKB:P00740	PMID:20121197	20150327
UniProtKB:P00740	Coagulation factor IX		GO:0007596		BHF-UCL	NCBITaxon:9606	IDA		PANTHER:PTHR24278	protein	UniProtKB:P00740	PMID:2472424	20161221
UniProtKB:P00740	Coagulation factor IX		GO:0007596		UniProt	NCBITaxon:9606	IMP		PANTHER:PTHR24278	protein	UniProtKB:P00740	PMID:2592373	20150327
UniProtKB:P00740	Coagulation factor IX		GO:0007596		GO_Central	NCBITaxon:9606	IBA	PANTHER:PTN002385473|ZFIN:ZDB-GENE-010814-1|UniProtKB:P08709|MGI:MGI:88384|MGI:MGI:1860488|UniProtKB:P00740|MGI:MGI:109325	PANTHER:PTHR24278	protein		GO_REF:0000033	20240606
UniProtKB:P00734	Prothrombin		GO:0030168		Ensembl	NCBITaxon:9606	IEA	UniProtKB:P19221|ensembl:ENSMUSP00000028681	PANTHER:PTHR24254	protein	UniProtKB:P00734	GO_REF:0000107	20250313
UniProtKB:P00734	Prothrombin		GO:0007596		InterPro	NCBITaxon:9606	IEA	InterPro:IPR003966|InterPro:IPR018992|InterPro:IPR037111	PANTHER:PTHR24254	protein	UniProtKB:P00734	GO_REF:0000002	20250429
UniProtKB:P00734	Prothrombin		GO:0007596		UniProt	NCBITaxon:9606	IEA	UniProtKB-KW:KW-0094	PANTHER:PTHR24254	protein	UniProtKB:P00734	GO_REF:0000043	20250428
UniProtKB:P00734	Prothrombin		GO:0007596		PINC	NCBITaxon:9606	TAS		PANTHER:PTHR24254	protein	UniProtKB:P00734	PMID:7592664	20030904
UniProtKB:P00734	Prothrombin		GO:0030168		BHF-UCL	NCBITaxon:9606	IDA		PANTHER:PTHR24254	protein	UniProtKB:P00734	PMID:9038223	20080425
UniProtKB:P00734	Prothrombin		GO:0030168		GO_Central	NCBITaxon:9606	IBA	PANTHER:PTN002799255|UniProtKB:P00734|MGI:MGI:88380	PANTHER:PTHR24254	protein		GO_REF:0000033	20200207
UniProtKB:Q96IY4	Carboxypeptidase B2		GO:0007596		UniProt	NCBITaxon:9606	IEA	UniProtKB-KW:KW-0094	PANTHER:PTHR11705	protein	UniProtKB:Q96IY4	GO_REF:0000043	20250428
UniProtKB:P84996	Protein ALEX		GO:0070527		UniProt	NCBITaxon:9606	IMP			protein	UniProtKB:P84996	PMID:12719376	20131106
UniProtKB:Q06418	Tyrosine-protein kinase receptor TYRO3		GO:0030168		Ensembl	NCBITaxon:9606	IEA	UniProtKB:P55144|ensembl:ENSMUSP00000028763	PANTHER:PTHR24416	protein	UniProtKB:Q06418	GO_REF:0000107	20250313
UniProtKB:Q06418	Tyrosine-protein kinase receptor TYRO3		GO:0030168		UniProt	NCBITaxon:9606	ISS	UniProtKB:P55144	PANTHER:PTHR24416	protein	UniProtKB:Q06418	GO_REF:0000024	20120109
UniProtKB:Q06418	Tyrosine-protein kinase receptor TYRO3		GO:0070527		UniProt	NCBITaxon:9606	ISS	UniProtKB:P55144	PANTHER:PTHR24416	protein	UniProtKB:Q06418	GO_REF:0000024	20120109
UniProtKB:Q06418	Tyrosine-protein kinase receptor TYRO3		GO:0070527		Ensembl	NCBITaxon:9606	IEA	UniProtKB:P55144|ensembl:ENSMUSP00000028763	PANTHER:PTHR24416	protein	UniProtKB:Q06418	GO_REF:0000107	20250313
UniProtKB:Q06418	Tyrosine-protein kinase receptor TYRO3		GO:0070527		GO_Central	NCBITaxon:9606	IBA	PANTHER:PTN000699553|MGI:MGI:104294	PANTHER:PTHR24416	protein		GO_REF:0000033	20181024
UniProtKB:Q9UNN8	Endothelial protein C receptor		GO:0007596		UniProt	NCBITaxon:9606	IEA	UniProtKB-KW:KW-0094	PANTHER:PTHR15349	protein	UniProtKB:Q9UNN8	GO_REF:0000043	20250428
UniProtKB:Q9NQG7	BLOC-3 complex member HPS4		GO:0007596		Ensembl	NCBITaxon:9606	IEA	UniProtKB:Q99KG7|ensembl:ENSMUSP00000107978	PANTHER:PTHR14407	protein	UniProtKB:Q9NQG7	GO_REF:0000107	20250313
UniProtKB:Q9NUP1	Biogenesis of lysosome-related organelles complex 1 subunit 4		GO:0070527		Ensembl	NCBITaxon:9606	IEA	UniProtKB:Q8VED2|ensembl:ENSMUSP00000071840	PANTHER:PTHR16230	protein	UniProtKB:Q9NUP1	GO_REF:0000107	20250313
UniProtKB:P07996	Thrombospondin-1		GO:0072378		BHF-UCL	NCBITaxon:9606	IDA		PANTHER:PTHR10199	protein	UniProtKB:P07996	PMID:3997886	20250410
UniProtKB:Q99487	Platelet-activating factor acetylhydrolase 2, cytoplasmic		GO:0007596		Reactome	NCBITaxon:9606	TAS		PANTHER:PTHR10272	protein	UniProtKB:Q99487	Reactome:R-HSA-109582	20241117
UniProtKB:Q03113	Guanine nucleotide-binding protein subunit alpha-12		GO:0007596		PINC	NCBITaxon:9606	TAS		PANTHER:PTHR10218	protein	UniProtKB:Q03113	PMID:8290554	20030904
UniProtKB:Q6QNY0	Biogenesis of lysosome-related organelles complex 1 subunit 3		GO:0007596		Ensembl	NCBITaxon:9606	IEA	UniProtKB:Q5U5M8|ensembl:ENSMUSP00000076624	PANTHER:PTHR31974	protein	UniProtKB:Q6QNY0	GO_REF:0000107	20250313
UniProtKB:Q6QNY0	Biogenesis of lysosome-related organelles complex 1 subunit 3		GO:0030168		UniProt	NCBITaxon:9606	IMP		PANTHER:PTHR31974	protein	UniProtKB:Q6QNY0	PMID:16385460	20081106
UniProtKB:Q9Y490	Talin-1		GO:0070527		UniProt	NCBITaxon:9606	HMP		PANTHER:PTHR19981	protein	UniProtKB:Q9Y490	PMID:23382103	20140721
UniProtKB:P20851	C4b-binding protein beta chain		GO:0007596		PINC	NCBITaxon:9606	TAS		PANTHER:PTHR45656	protein	UniProtKB:P20851	PMID:8325877	20030904
UniProtKB:O95866	Megakaryocyte and platelet inhibitory receptor G6b		GO:0007596		Ensembl	NCBITaxon:9606	IEA	UniProtKB:D7PDD4|ensembl:ENSMUSP00000133377	PANTHER:PTHR37347	protein	UniProtKB:O95866	GO_REF:0000107	20250313
UniProtKB:O95866	Megakaryocyte and platelet inhibitory receptor G6b		GO:0007596		UniProt	NCBITaxon:9606	ISS	UniProtKB:D7PDD4	PANTHER:PTHR37347	protein	UniProtKB:O95866	GO_REF:0000024	20170403
UniProtKB:O95866	Megakaryocyte and platelet inhibitory receptor G6b		GO:0007596		GO_Central	NCBITaxon:9606	IBA	PANTHER:PTN002204313|MGI:MGI:2146995	PANTHER:PTHR37347	protein		GO_REF:0000033	20170228
UniProtKB:Q9Y5L3	Ectonucleoside triphosphate diphosphohydrolase 2		GO:0030168		Ensembl	NCBITaxon:9606	IEA	UniProtKB:O55026|ensembl:ENSMUSP00000028328	PANTHER:PTHR11782	protein	UniProtKB:Q9Y5L3	GO_REF:0000107	20250313
UniProtKB:Q9Y264	Angiopoietin-4		GO:0007596		InterPro	NCBITaxon:9606	IEA	InterPro:IPR037579	PANTHER:PTHR19143	protein	UniProtKB:Q9Y264	GO_REF:0000002	20250429
UniProtKB:Q8NI99	Angiopoietin-related protein 6		GO:0007596		InterPro	NCBITaxon:9606	IEA	InterPro:IPR037579	PANTHER:PTHR19143	protein	UniProtKB:Q8NI99	GO_REF:0000002	20250429
ComplexPortal:CPX-929	Coagulation factor VIIIa complex, heavy chain variant 1		GO:0007597		ComplexPortal	NCBITaxon:9606	NAS			protein_complex		PMID:12524220	20240823
UniProtKB:P00488	Coagulation factor XIII A chain		GO:0007596		Ensembl	NCBITaxon:9606	IEA	UniProtKB:Q8BH61|ensembl:ENSMUSP00000048667	PANTHER:PTHR11590	protein	UniProtKB:P00488	GO_REF:0000107	20250313
UniProtKB:P00488	Coagulation factor XIII A chain		GO:0007596		UniProt	NCBITaxon:9606	IEA	UniProtKB-KW:KW-0094	PANTHER:PTHR11590	protein	UniProtKB:P00488	GO_REF:0000043	20250428
UniProtKB:P00488	Coagulation factor XIII A chain		GO:0007596		PINC	NCBITaxon:9606	TAS		PANTHER:PTHR11590	protein	UniProtKB:P00488	PMID:10801785	20030904
UniProtKB:P00488	Coagulation factor XIII A chain		GO:0072378		Ensembl	NCBITaxon:9606	IEA	UniProtKB:Q8BH61|ensembl:ENSMUSP00000048667	PANTHER:PTHR11590	protein	UniProtKB:P00488	GO_REF:0000107	20250313
UniProtKB:P00488	Coagulation factor XIII A chain		GO:0072378		UniProt	NCBITaxon:9606	IEA	ARBA:ARBA00090798	PANTHER:PTHR11590	protein	UniProtKB:P00488	GO_REF:0000117	20250428
UniProtKB:P00488	Coagulation factor XIII A chain		GO:0072378		UniProt	NCBITaxon:9606	IDA		PANTHER:PTHR11590	protein	UniProtKB:P00488	PMID:27363989	20161124
UniProtKB:P00488	Coagulation factor XIII A chain		GO:0072378		ComplexPortal	NCBITaxon:9606	IDA		PANTHER:PTHR11590	protein	UniProtKB:P00488	PMID:27363989	20240823
UniProtKB:P00488	Coagulation factor XIII A chain		GO:0072378		GO_Central	NCBITaxon:9606	IBA	PANTHER:PTN002612883|MGI:MGI:1921395|UniProtKB:P00488	PANTHER:PTHR11590	protein		GO_REF:0000033	20200929
UniProtKB:P30530	Tyrosine-protein kinase receptor UFO		GO:0030168		Ensembl	NCBITaxon:9606	IEA	UniProtKB:Q00993|ensembl:ENSMUSP00000002677	PANTHER:PTHR24416	protein	UniProtKB:P30530	GO_REF:0000107	20250313
UniProtKB:P30530	Tyrosine-protein kinase receptor UFO		GO:0030168		GO_Central	NCBITaxon:9606	IBA	PANTHER:PTN002814496|MGI:MGI:1347244	PANTHER:PTHR24416	protein		GO_REF:0000033	20181025
UniProtKB:P07225	Vitamin K-dependent protein S		GO:0007596		UniProt	NCBITaxon:9606	IEA	UniProtKB-KW:KW-0094	PANTHER:PTHR24040	protein	UniProtKB:P07225	GO_REF:0000043	20250428
UniProtKB:P07225	Vitamin K-dependent protein S		GO:0007596		PINC	NCBITaxon:9606	TAS		PANTHER:PTHR24040	protein	UniProtKB:P07225	PMID:9657428	20030904
UniProtKB:P29350	Tyrosine-protein phosphatase non-receptor type 6		GO:0070527		Ensembl	NCBITaxon:9606	IEA	UniProtKB:P29351|ensembl:ENSMUSP00000108103	PANTHER:PTHR46257	protein	UniProtKB:P29350	GO_REF:0000107	20250313
UniProtKB:Q9C0E8	Endoplasmic reticulum junction formation protein lunapark		GO:0007596		Ensembl	NCBITaxon:9606	IEA	UniProtKB:Q7TQ95|ensembl:ENSMUSP00000066891	PANTHER:PTHR22166	protein	UniProtKB:Q9C0E8	GO_REF:0000107	20250313
UniProtKB:P49747	Cartilage oligomeric matrix protein		GO:0007596		Ensembl	NCBITaxon:9606	IEA	UniProtKB:Q9R0G6|ensembl:ENSMUSP00000003659	PANTHER:PTHR10199	protein	UniProtKB:P49747	GO_REF:0000107	20250313
UniProtKB:P49747	Cartilage oligomeric matrix protein		GO:0070527		Ensembl	NCBITaxon:9606	IEA	UniProtKB:Q9R0G6|ensembl:ENSMUSP00000003659	PANTHER:PTHR10199	protein	UniProtKB:P49747	GO_REF:0000107	20250313
UniProtKB:P49619	Diacylglycerol kinase gamma		GO:0030168		UniProt	NCBITaxon:9606	IEA	ARBA:ARBA00027406	PANTHER:PTHR11255	protein	UniProtKB:P49619	GO_REF:0000117	20250428
UniProtKB:P49619	Diacylglycerol kinase gamma		GO:0030168		Reactome	NCBITaxon:9606	TAS		PANTHER:PTHR11255	protein	UniProtKB:P49619	Reactome:R-HSA-76002	20241117
UniProtKB:Q5VY43	Platelet endothelial aggregation receptor 1		GO:0070527		Ensembl	NCBITaxon:9606	IEA	UniProtKB:Q8VIK5|ensembl:ENSMUSP00000133474	PANTHER:PTHR24052	protein	UniProtKB:Q5VY43	GO_REF:0000107	20250313
UniProtKB:P12259	Coagulation factor V		GO:0007596		Ensembl	NCBITaxon:9606	IEA	UniProtKB:O88783|ensembl:ENSMUSP00000083204	PANTHER:PTHR24543	protein	UniProtKB:P12259	GO_REF:0000107	20250313
UniProtKB:P12259	Coagulation factor V		GO:0007596		UniProt	NCBITaxon:9606	IEA	UniProtKB-KW:KW-0094	PANTHER:PTHR24543	protein	UniProtKB:P12259	GO_REF:0000043	20250428
UniProtKB:P12259	Coagulation factor V		GO:0007596		PINC	NCBITaxon:9606	TAS		PANTHER:PTHR24543	protein	UniProtKB:P12259	PMID:9252393	20030904
UniProtKB:P12259	Coagulation factor V		GO:0007596		GO_Central	NCBITaxon:9606	IBA	PANTHER:PTN002815661|ZFIN:ZDB-GENE-030131-5531|MGI:MGI:88382	PANTHER:PTHR24543	protein		GO_REF:0000033	20250325
UniProtKB:O95841	Angiopoietin-related protein 1		GO:0007596		InterPro	NCBITaxon:9606	IEA	InterPro:IPR037579	PANTHER:PTHR19143	protein	UniProtKB:O95841	GO_REF:0000002	20250429
UniProtKB:P07093	Glia-derived nexin		GO:0030168		Ensembl	NCBITaxon:9606	IEA	UniProtKB:Q07235|ensembl:ENSMUSP00000027467	PANTHER:PTHR11461	protein	UniProtKB:P07093	GO_REF:0000107	20250313
UniProtKB:P07093	Glia-derived nexin		GO:0007596		Ensembl	NCBITaxon:9606	IEA	UniProtKB:Q07235|ensembl:ENSMUSP00000027467	PANTHER:PTHR11461	protein	UniProtKB:P07093	GO_REF:0000107	20250313
UniProtKB:Q86YW5	Trem-like transcript 1 protein		GO:0030168		Ensembl	NCBITaxon:9606	IEA	UniProtKB:Q8K558|ensembl:ENSMUSP00000153300	PANTHER:PTHR11860	protein	UniProtKB:Q86YW5	GO_REF:0000107	20250313
UniProtKB:Q86YW5	Trem-like transcript 1 protein		GO:0030168		UniProt	NCBITaxon:9606	IEP		PANTHER:PTHR11860	protein	UniProtKB:Q86YW5-1	PMID:15128762	20080307
UniProtKB:Q86YW5	Trem-like transcript 1 protein		GO:0030168		UniProt	NCBITaxon:9606	IEP		PANTHER:PTHR11860	protein	UniProtKB:Q86YW5-2	PMID:15128762	20080307
UniProtKB:Q86YW5	Trem-like transcript 1 protein		GO:0030168		GO_Central	NCBITaxon:9606	IBA	PANTHER:PTN008528749|MGI:MGI:1918576|UniProtKB:Q86YW5	PANTHER:PTHR11860	protein		GO_REF:0000033	20241120
UniProtKB:Q9H244	P2Y purinoceptor 12		GO:0030168		Ensembl	NCBITaxon:9606	IEA	UniProtKB:Q9CPV9|ensembl:ENSMUSP00000143036	PANTHER:PTHR24233	protein	UniProtKB:Q9H244	GO_REF:0000107	20250313
UniProtKB:Q9H244	P2Y purinoceptor 12		GO:0007596		InterPro	NCBITaxon:9606	IEA	InterPro:IPR005394	PANTHER:PTHR24233	protein	UniProtKB:Q9H244	GO_REF:0000002	20250429
UniProtKB:Q9H244	P2Y purinoceptor 12		GO:0007596		UniProt	NCBITaxon:9606	IEA	UniProtKB-KW:KW-0094	PANTHER:PTHR24233	protein	UniProtKB:Q9H244	GO_REF:0000043	20250428
UniProtKB:Q9H244	P2Y purinoceptor 12		GO:0030168		Reactome	NCBITaxon:9606	TAS		PANTHER:PTHR24233	protein	UniProtKB:Q9H244	Reactome:R-HSA-392170	20241117
UniProtKB:Q9H244	P2Y purinoceptor 12		GO:0070527		UniProt	NCBITaxon:9606	IMP		PANTHER:PTHR24233	protein	UniProtKB:Q9H244	PMID:12578987	20140606
UniProtKB:Q16539	Mitogen-activated protein kinase 14		GO:0030168		Reactome	NCBITaxon:9606	TAS		PANTHER:PTHR24055	protein	UniProtKB:Q16539	Reactome:R-HSA-418592	20241117
UniProtKB:Q9UK55	Protein Z-dependent protease inhibitor		GO:0007596		InterPro	NCBITaxon:9606	IEA	InterPro:IPR033835	PANTHER:PTHR11461	protein	UniProtKB:Q9UK55	GO_REF:0000002	20250429
UniProtKB:Q9UK55	Protein Z-dependent protease inhibitor		GO:0007596		UniProt	NCBITaxon:9606	IEA	UniProtKB-KW:KW-0094	PANTHER:PTHR11461	protein	UniProtKB:Q9UK55	GO_REF:0000043	20250428
UniProtKB:P07204	Thrombomodulin		GO:0007596		UniProt	NCBITaxon:9606	IEA	UniProtKB-KW:KW-0094	PANTHER:PTHR24036	protein	UniProtKB:P07204	GO_REF:0000043	20250428
UniProtKB:P07204	Thrombomodulin		GO:0007596		UniProt	NCBITaxon:9606	IEA	ARBA:ARBA00028854	PANTHER:PTHR24036	protein	UniProtKB:P07204	GO_REF:0000117	20250428
UniProtKB:P07204	Thrombomodulin		GO:0007596		PINC	NCBITaxon:9606	TAS		PANTHER:PTHR24036	protein	UniProtKB:P07204	PMID:9252393	20030904
UniProtKB:P07204	Thrombomodulin		GO:0072377		ComplexPortal	NCBITaxon:9606	NAS		PANTHER:PTHR24036	protein	UniProtKB:P07204	PMID:12524220	20240823
UniProtKB:P0DJI8	Serum amyloid A-1 protein		GO:0030168		UniProt	NCBITaxon:9606	NAS			protein	UniProtKB:P0DJI8	PMID:1697614	20120718
UniProtKB:Q96EU7	C1GALT1-specific chaperone 1		GO:0030168		Ensembl	NCBITaxon:9606	IEA	UniProtKB:Q9JMG2|ensembl:ENSMUSP00000059224	PANTHER:PTHR23033	protein	UniProtKB:Q96EU7	GO_REF:0000107	20250313
UniProtKB:P47900	P2Y purinoceptor 1		GO:0007596		UniProt	NCBITaxon:9606	IEA	UniProtKB-KW:KW-0094	PANTHER:PTHR24231	protein	UniProtKB:P47900	GO_REF:0000043	20250428
UniProtKB:P47900	P2Y purinoceptor 1		GO:0030168		InterPro	NCBITaxon:9606	IEA	InterPro:IPR000142	PANTHER:PTHR24231	protein	UniProtKB:P47900	GO_REF:0000002	20250429
UniProtKB:Q9Y6X5	Bis(5'-adenosyl)-triphosphatase ENPP4		GO:0007596		UniProt	NCBITaxon:9606	IEA	UniProtKB-KW:KW-0094	PANTHER:PTHR10151	protein	UniProtKB:Q9Y6X5	GO_REF:0000043	20250428
UniProtKB:Q9Y6T7	Diacylglycerol kinase beta		GO:0030168		UniProt	NCBITaxon:9606	IEA	ARBA:ARBA00027406	PANTHER:PTHR11255	protein	UniProtKB:Q9Y6T7	GO_REF:0000117	20250428
UniProtKB:Q9Y6T7	Diacylglycerol kinase beta		GO:0030168		Reactome	NCBITaxon:9606	TAS		PANTHER:PTHR11255	protein	UniProtKB:Q9Y6T7	Reactome:R-HSA-76002	20241117
UniProtKB:P07359	Platelet glycoprotein Ib alpha chain		GO:0007596		MGI	NCBITaxon:9606	IMP		PANTHER:PTHR24373	protein	UniProtKB:P07359	PMID:21037087	20121207
UniProtKB:P07359	Platelet glycoprotein Ib alpha chain		GO:0007596		UniProt	NCBITaxon:9606	IEA	UniProtKB-KW:KW-0094	PANTHER:PTHR24373	protein	UniProtKB:P07359	GO_REF:0000043	20250428
UniProtKB:P07359	Platelet glycoprotein Ib alpha chain		GO:0007596		Ensembl	NCBITaxon:9606	IEA	UniProtKB:O35930|ensembl:ENSMUSP00000057563	PANTHER:PTHR24373	protein	UniProtKB:P07359	GO_REF:0000107	20250313
UniProtKB:P07359	Platelet glycoprotein Ib alpha chain		GO:0007596		UniProt	NCBITaxon:9606	IEA	ARBA:ARBA00028854	PANTHER:PTHR24373	protein	UniProtKB:P07359	GO_REF:0000117	20250428
UniProtKB:P07359	Platelet glycoprotein Ib alpha chain		GO:0007597		ComplexPortal	NCBITaxon:9606	IPI		PANTHER:PTHR24373	protein	UniProtKB:P07359	PMID:10501658	20240823
UniProtKB:P07359	Platelet glycoprotein Ib alpha chain		GO:0007597		ComplexPortal	NCBITaxon:9606	NAS		PANTHER:PTHR24373	protein	UniProtKB:P07359	PMID:16293600	20250325
UniProtKB:P07359	Platelet glycoprotein Ib alpha chain		GO:0030168		UniProt	NCBITaxon:9606	TAS		PANTHER:PTHR24373	protein	UniProtKB:P07359	PMID:12855810	20040224
UniProtKB:P07359	Platelet glycoprotein Ib alpha chain		GO:0007597		GO_Central	NCBITaxon:9606	IBA	PANTHER:PTN000689319|UniProtKB:P07359	PANTHER:PTHR24373	protein		GO_REF:0000033	20250327
UniProtKB:Q9UKW4	Guanine nucleotide exchange factor VAV3		GO:0030168		UniProt	NCBITaxon:9606	IEA	ARBA:ARBA00027406	PANTHER:PTHR45818	protein	UniProtKB:Q9UKW4	GO_REF:0000117	20250428
UniProtKB:Q9UKW4	Guanine nucleotide exchange factor VAV3		GO:0030168		Reactome	NCBITaxon:9606	TAS		PANTHER:PTHR45818	protein	UniProtKB:Q9UKW4	Reactome:R-HSA-76002	20241117
UniProtKB:Q9UKU9	Angiopoietin-related protein 2		GO:0007596		InterPro	NCBITaxon:9606	IEA	InterPro:IPR037579	PANTHER:PTHR19143	protein	UniProtKB:Q9UKU9	GO_REF:0000002	20250429
UniProtKB:Q9UL45	Biogenesis of lysosome-related organelles complex 1 subunit 6		GO:0007596		Ensembl	NCBITaxon:9606	IEA	UniProtKB:Q9R0C0|ensembl:ENSMUSP00000005954	PANTHER:PTHR31328	protein	UniProtKB:Q9UL45	GO_REF:0000107	20250313
UniProtKB:P00451	Coagulation factor VIII		GO:0007596		UniProt	NCBITaxon:9606	IEA	UniProtKB-KW:KW-0094	PANTHER:PTHR24543	protein	UniProtKB:P00451	GO_REF:0000043	20250428
UniProtKB:P00451	Coagulation factor VIII		GO:0007596		PINC	NCBITaxon:9606	TAS		PANTHER:PTHR24543	protein	UniProtKB:P00451	PMID:8275087	20030904
UniProtKB:P00451	Coagulation factor VIII		GO:0007597		GO_Central	NCBITaxon:9606	IBA	PANTHER:PTN002815617|RGD:727845	PANTHER:PTHR24543	protein		GO_REF:0000033	20250325
UniProtKB:P10646	Tissue factor pathway inhibitor		GO:0007596		UniProt	NCBITaxon:9606	IEA	UniProtKB-KW:KW-0094	PANTHER:PTHR10083	protein	UniProtKB:P10646	GO_REF:0000043	20250428
UniProtKB:P10646	Tissue factor pathway inhibitor		GO:0007596		PINC	NCBITaxon:9606	TAS		PANTHER:PTHR10083	protein	UniProtKB:P10646	PMID:9252393	20030904
UniProtKB:Q9UIJ7	GTP:AMP phosphotransferase AK3, mitochondrial		GO:0007596		Reactome	NCBITaxon:9606	TAS		PANTHER:PTHR23359	protein	UniProtKB:Q9UIJ7	Reactome:R-HSA-109582	20241117
UniProtKB:P61764	Syntaxin-binding protein 1		GO:0070527		UniProt	NCBITaxon:9606	IMP		PANTHER:PTHR11679	protein	UniProtKB:P61764	PMID:12773094	20090826
UniProtKB:Q86YL7	Podoplanin		GO:0030168		UniProt	NCBITaxon:9606	TAS		PANTHER:PTHR47390	protein	UniProtKB:Q86YL7	PMID:18215137	20170328
UniProtKB:P04792	Heat shock protein beta-1		GO:0070527		UniProt	NCBITaxon:9606	HMP		PANTHER:PTHR45640	protein	UniProtKB:P04792	PMID:23382103	20140721
UniProtKB:Q14393	Growth arrest-specific protein 6		GO:0007596		Ensembl	NCBITaxon:9606	IEA	UniProtKB:Q61592|ensembl:ENSMUSP00000033828	PANTHER:PTHR24040	protein	UniProtKB:Q14393	GO_REF:0000107	20250313
UniProtKB:O43827	Angiopoietin-related protein 7		GO:0007596		InterPro	NCBITaxon:9606	IEA	InterPro:IPR037579	PANTHER:PTHR19143	protein	UniProtKB:O43827	GO_REF:0000002	20250429
UniProtKB:Q14344	Guanine nucleotide-binding protein subunit alpha-13		GO:0030168		Ensembl	NCBITaxon:9606	IEA	UniProtKB:P27601|ensembl:ENSMUSP00000020930	PANTHER:PTHR10218	protein	UniProtKB:Q14344	GO_REF:0000107	20250313
UniProtKB:Q96EV8	Dysbindin		GO:0007596		Ensembl	NCBITaxon:9606	IEA	UniProtKB:Q91WZ8|ensembl:ENSMUSP00000072170	PANTHER:PTHR16294	protein	UniProtKB:Q96EV8	GO_REF:0000107	20250313
UniProtKB:P0CW18	Serine protease 56		GO:0007596		GO_Central	NCBITaxon:9606	IBA	PANTHER:PTN002385473|ZFIN:ZDB-GENE-010814-1|UniProtKB:P08709|MGI:MGI:88384|MGI:MGI:1860488|UniProtKB:P00740|MGI:MGI:109325	PANTHER:PTHR24278	protein		GO_REF:0000033	20240606
UniProtKB:P13987	CD59 glycoprotein		GO:0007596		PINC	NCBITaxon:9606	TAS		PANTHER:PTHR10036	protein	UniProtKB:P13987	PMID:1381503	20030904
UniProtKB:P13928	Annexin A8		GO:0007596		UniProt	NCBITaxon:9606	IEA	UniProtKB-KW:KW-0094	PANTHER:PTHR10502	protein	UniProtKB:P13928	GO_REF:0000043	20250428
UniProtKB:Q16760	Diacylglycerol kinase delta		GO:0030168		UniProt	NCBITaxon:9606	IEA	ARBA:ARBA00027406	PANTHER:PTHR11255	protein	UniProtKB:Q16760	GO_REF:0000117	20250428
UniProtKB:Q16760	Diacylglycerol kinase delta		GO:0030168		Reactome	NCBITaxon:9606	TAS		PANTHER:PTHR11255	protein	UniProtKB:Q16760	Reactome:R-HSA-76002	20241117
UniProtKB:P60709	Actin, cytoplasmic 1		GO:0070527		UniProt	NCBITaxon:9606	HMP		PANTHER:PTHR11937	protein	UniProtKB:P60709	PMID:23382103	20140721
UniProtKB:Q12913	Receptor-type tyrosine-protein phosphatase eta		GO:0007596		Ensembl	NCBITaxon:9606	IEA	UniProtKB:Q64455|ensembl:ENSMUSP00000129592	PANTHER:PTHR19134	protein	UniProtKB:Q12913	GO_REF:0000107	20250313
UniProtKB:P03952	Plasma kallikrein		GO:0007596		UniProt	NCBITaxon:9606	IEA	UniProtKB-KW:KW-0094	PANTHER:PTHR24253	protein	UniProtKB:P03952	GO_REF:0000043	20250428
UniProtKB:P03951	Coagulation factor XI		GO:0007596		UniProt	NCBITaxon:9606	IEA	UniProtKB-KW:KW-0094	PANTHER:PTHR24253	protein	UniProtKB:P03951	GO_REF:0000043	20250428
UniProtKB:P03951	Coagulation factor XI		GO:0007596		PINC	NCBITaxon:9606	TAS		PANTHER:PTHR24253	protein	UniProtKB:P03951	PMID:10823824	20030904
UniProtKB:P03951	Coagulation factor XI		GO:0007596		BHF-UCL	NCBITaxon:9606	IDA		PANTHER:PTHR24253	protein	UniProtKB:P03951	PMID:9169594	20161221
UniProtKB:P03951	Coagulation factor XI		GO:0007596		UniProt	NCBITaxon:9606	NAS		PANTHER:PTHR24253	protein	UniProtKB:P03951	PMID:9593722	20021105
UniProtKB:P13726	Tissue factor		GO:0007596		InterPro	NCBITaxon:9606	IEA	InterPro:IPR001187	PANTHER:PTHR20859	protein	UniProtKB:P13726	GO_REF:0000002	20250429
UniProtKB:P13726	Tissue factor		GO:0007596		UniProt	NCBITaxon:9606	IEA	UniProtKB-KW:KW-0094	PANTHER:PTHR20859	protein	UniProtKB:P13726	GO_REF:0000043	20250428
UniProtKB:P13726	Tissue factor		GO:0007596		BHF-UCL	NCBITaxon:9606	IDA		PANTHER:PTHR20859	protein	UniProtKB:P13726	PMID:24998411	20160405
UniProtKB:P13726	Tissue factor		GO:0007596		BHF-UCL	NCBITaxon:9606	IDA		PANTHER:PTHR20859	protein	UniProtKB:P13726	PMID:8632006	20161221
UniProtKB:P01009	Alpha-1-antitrypsin		GO:0007596		UniProt	NCBITaxon:9606	IEA	UniProtKB-KW:KW-0094	PANTHER:PTHR11461	protein	UniProtKB:P01009	GO_REF:0000043	20250428
UniProtKB:P01008	Antithrombin-III		GO:0007596		UniProt	NCBITaxon:9606	IEA	UniProtKB-KW:KW-0094	PANTHER:PTHR11461	protein	UniProtKB:P01008	GO_REF:0000043	20250428
UniProtKB:P17301	Integrin alpha-2		GO:0007596		PINC	NCBITaxon:9606	TAS		PANTHER:PTHR23220	protein	UniProtKB:P17301	PMID:2933589	20030904
UniProtKB:P16234	Platelet-derived growth factor receptor alpha		GO:0070527		UniProt	NCBITaxon:9606	IMP		PANTHER:PTHR24416	protein	UniProtKB:P16234	PMID:8188664	20110930
UniProtKB:P08758	Annexin A5		GO:0007596		UniProt	NCBITaxon:9606	IEA	UniProtKB-KW:KW-0094	PANTHER:PTHR10502	protein	UniProtKB:P08758	GO_REF:0000043	20250428
UniProtKB:P08709	Coagulation factor VII		GO:0007596		Ensembl	NCBITaxon:9606	IEA	UniProtKB:P70375|ensembl:ENSMUSP00000033820	PANTHER:PTHR24278	protein	UniProtKB:P08709	GO_REF:0000107	20250313
UniProtKB:P08709	Coagulation factor VII		GO:0007596		InterPro	NCBITaxon:9606	IEA	InterPro:IPR012224	PANTHER:PTHR24278	protein	UniProtKB:P08709	GO_REF:0000002	20250429
UniProtKB:P08709	Coagulation factor VII		GO:0007596		UniProt	NCBITaxon:9606	IEA	UniProtKB-KW:KW-0094	PANTHER:PTHR24278	protein	UniProtKB:P08709	GO_REF:0000043	20250428
UniProtKB:P08709	Coagulation factor VII		GO:0007596		BHF-UCL	NCBITaxon:9606	IDA		PANTHER:PTHR24278	protein	UniProtKB:P08709	PMID:24998411	20160620
UniProtKB:P08709	Coagulation factor VII		GO:0007596		PINC	NCBITaxon:9606	TAS		PANTHER:PTHR24278	protein	UniProtKB:P08709	PMID:3037537	20030904
UniProtKB:P08709	Coagulation factor VII		GO:0007596		BHF-UCL	NCBITaxon:9606	IDA		PANTHER:PTHR24278	protein	UniProtKB:P08709	PMID:8632006	20161221
UniProtKB:P08709	Coagulation factor VII		GO:0007596		GO_Central	NCBITaxon:9606	IBA	PANTHER:PTN002385473|ZFIN:ZDB-GENE-010814-1|UniProtKB:P08709|MGI:MGI:88384|MGI:MGI:1860488|UniProtKB:P00740|MGI:MGI:109325	PANTHER:PTHR24278	protein		GO_REF:0000033	20240606
ComplexPortal:CPX-4945	Coagulation factor IXa complex		GO:0007597		ComplexPortal	NCBITaxon:9606	IDA			protein_complex		PMID:8632006	20240823
UniProtKB:P25116	Proteinase-activated receptor 1		GO:0007596		InterPro	NCBITaxon:9606	IEA	InterPro:IPR000935|InterPro:IPR003912	PANTHER:PTHR24232	protein	UniProtKB:P25116	GO_REF:0000002	20250429
UniProtKB:P25116	Proteinase-activated receptor 1		GO:0007596		UniProt	NCBITaxon:9606	IEA	UniProtKB-KW:KW-0094	PANTHER:PTHR24232	protein	UniProtKB:P25116	GO_REF:0000043	20250428
UniProtKB:P25116	Proteinase-activated receptor 1		GO:0030168		BHF-UCL	NCBITaxon:9606	IDA		PANTHER:PTHR24232	protein	UniProtKB:P25116	PMID:9038223	20080425
UniProtKB:P08913	Alpha-2A adrenergic receptor		GO:0030168		InterPro	NCBITaxon:9606	IEA	InterPro:IPR001946	PANTHER:PTHR24248	protein	UniProtKB:P08913	GO_REF:0000002	20250429
UniProtKB:P02671	Fibrinogen alpha chain		GO:0007596		InterPro	NCBITaxon:9606	IEA	InterPro:IPR037579	PANTHER:PTHR47221	protein	UniProtKB:P02671	GO_REF:0000002	20250429
UniProtKB:P02671	Fibrinogen alpha chain		GO:0007596		UniProt	NCBITaxon:9606	IEA	UniProtKB-KW:KW-0094	PANTHER:PTHR47221	protein	UniProtKB:P02671	GO_REF:0000043	20250428
UniProtKB:P02671	Fibrinogen alpha chain		GO:0030168		InterPro	NCBITaxon:9606	IEA	InterPro:IPR012290	PANTHER:PTHR47221	protein	UniProtKB:P02671	GO_REF:0000002	20250429
UniProtKB:P02671	Fibrinogen alpha chain		GO:0070527		UniProt	NCBITaxon:9606	IEA	ARBA:ARBA00085186	PANTHER:PTHR47221	protein	UniProtKB:P02671	GO_REF:0000117	20250428
UniProtKB:P02671	Fibrinogen alpha chain		GO:0070527		UniProt	NCBITaxon:9606	HMP		PANTHER:PTHR47221	protein	UniProtKB:P02671	PMID:23382103	20140721
UniProtKB:P02671	Fibrinogen alpha chain		GO:0070527		BHF-UCL	NCBITaxon:9606	IDA		PANTHER:PTHR47221	protein	UniProtKB:P02671	PMID:6281794	20140410
UniProtKB:P02671	Fibrinogen alpha chain		GO:0072377		BHF-UCL	NCBITaxon:9606	IMP		PANTHER:PTHR47221	protein	UniProtKB:P02671-PRO_0000009022	PMID:10891444	20140409
UniProtKB:P02671	Fibrinogen alpha chain		GO:0072377		BHF-UCL	NCBITaxon:9606	IMP		PANTHER:PTHR47221	protein	UniProtKB:P02671	PMID:12706644	20140410
UniProtKB:P02671	Fibrinogen alpha chain		GO:0072378		UniProt	NCBITaxon:9606	IEA	ARBA:ARBA00090798	PANTHER:PTHR47221	protein	UniProtKB:P02671	GO_REF:0000117	20250428
UniProtKB:P02671	Fibrinogen alpha chain		GO:0072378		UniProt	NCBITaxon:9606	IDA		PANTHER:PTHR47221	protein	UniProtKB:P02671	PMID:16846481	20150430
UniProtKB:P02671	Fibrinogen alpha chain		GO:0072377		GO_Central	NCBITaxon:9606	IBA	PANTHER:PTN008715159|UniProtKB:P02671	PANTHER:PTHR47221	protein		GO_REF:0000033	20231129
UniProtKB:P02671	Fibrinogen alpha chain		GO:0070527		GO_Central	NCBITaxon:9606	IBA	PANTHER:PTN008715159|ZFIN:ZDB-GENE-031010-21|UniProtKB:P02671	PANTHER:PTHR47221	protein		GO_REF:0000033	20231129
UniProtKB:P02679	Fibrinogen gamma chain		GO:0007596		InterPro	NCBITaxon:9606	IEA	InterPro:IPR037579	PANTHER:PTHR19143	protein	UniProtKB:P02679	GO_REF:0000002	20250429
UniProtKB:P02679	Fibrinogen gamma chain		GO:0007596		UniProt	NCBITaxon:9606	IEA	UniProtKB-KW:KW-0094	PANTHER:PTHR19143	protein	UniProtKB:P02679	GO_REF:0000043	20250428
UniProtKB:P02679	Fibrinogen gamma chain		GO:0030168		InterPro	NCBITaxon:9606	IEA	InterPro:IPR012290	PANTHER:PTHR19143	protein	UniProtKB:P02679	GO_REF:0000002	20250429
UniProtKB:P02679	Fibrinogen gamma chain		GO:0070527		UniProt	NCBITaxon:9606	IEA	ARBA:ARBA00085186	PANTHER:PTHR19143	protein	UniProtKB:P02679	GO_REF:0000117	20250428
UniProtKB:P02679	Fibrinogen gamma chain		GO:0070527		BHF-UCL	NCBITaxon:9606	IDA		PANTHER:PTHR19143	protein	UniProtKB:P02679	PMID:6281794	20140410
UniProtKB:P02679	Fibrinogen gamma chain		GO:0072378		UniProt	NCBITaxon:9606	IEA	ARBA:ARBA00090798	PANTHER:PTHR19143	protein	UniProtKB:P02679	GO_REF:0000117	20250428
UniProtKB:P02679	Fibrinogen gamma chain		GO:0072378		UniProt	NCBITaxon:9606	IMP		PANTHER:PTHR19143	protein	UniProtKB:P02679	PMID:11001902	20150430
UniProtKB:P02679	Fibrinogen gamma chain		GO:0072378		UniProt	NCBITaxon:9606	IDA		PANTHER:PTHR19143	protein	UniProtKB:P02679	PMID:16846481	20150430
UniProtKB:P02679	Fibrinogen gamma chain		GO:0070527		GO_Central	NCBITaxon:9606	IBA	PANTHER:PTN002709696|UniProtKB:P02679	PANTHER:PTHR19143	protein		GO_REF:0000033	20200206
UniProtKB:P18825	Alpha-2C adrenergic receptor		GO:0030168		InterPro	NCBITaxon:9606	IEA	InterPro:IPR000735	PANTHER:PTHR24248	protein	UniProtKB:P18825	GO_REF:0000002	20250429
UniProtKB:P08567	Pleckstrin		GO:0070527		BHF-UCL	NCBITaxon:9606	ISS	UniProtKB:Q9JHK5	PANTHER:PTHR12092	protein	UniProtKB:P08567	GO_REF:0000024	20090506
UniProtKB:P08567	Pleckstrin		GO:0070527		Ensembl	NCBITaxon:9606	IEA	UniProtKB:Q9JHK5|ensembl:ENSMUSP00000099945	PANTHER:PTHR12092	protein	UniProtKB:P08567	GO_REF:0000107	20250313
UniProtKB:P08567	Pleckstrin		GO:0070527		UniProt	NCBITaxon:9606	HMP		PANTHER:PTHR12092	protein	UniProtKB:P08567	PMID:23382103	20140721
UniProtKB:P02730	Band 3 anion transport protein		GO:0007596		Ensembl	NCBITaxon:9606	IEA	UniProtKB:P04919|ensembl:ENSMUSP00000006749	PANTHER:PTHR11453	protein	UniProtKB:P02730	GO_REF:0000107	20250313
UniProtKB:P11831	Serum response factor		GO:0030168		Ensembl	NCBITaxon:9606	IEA	UniProtKB:Q9JM73|ensembl:ENSMUSP00000015749	PANTHER:PTHR48019	protein	UniProtKB:P11831	GO_REF:0000107	20250313
UniProtKB:P21926	CD9 antigen		GO:0030168		UniProt	NCBITaxon:9606	NAS		PANTHER:PTHR19282	protein	UniProtKB:P21926	PMID:2037603	20040212
UniProtKB:Q5KSL6	Diacylglycerol kinase kappa		GO:0030168		UniProt	NCBITaxon:9606	IEA	ARBA:ARBA00027406	PANTHER:PTHR11255	protein	UniProtKB:Q5KSL6	GO_REF:0000117	20250428
UniProtKB:Q5KSL6	Diacylglycerol kinase kappa		GO:0030168		Reactome	NCBITaxon:9606	TAS		PANTHER:PTHR11255	protein	UniProtKB:Q5KSL6	Reactome:R-HSA-76002	20241117
UniProtKB:P38435	Vitamin K-dependent gamma-carboxylase		GO:0007596		PINC	NCBITaxon:9606	TAS		PANTHER:PTHR12639	protein	UniProtKB:P38435	PMID:9845520	20030904
UniProtKB:P31645	Sodium-dependent serotonin transporter		GO:0070527		UniProt	NCBITaxon:9606	ISS	UniProtKB:Q60857	PANTHER:PTHR11616	protein	UniProtKB:P31645	GO_REF:0000024	20230316
UniProtKB:P31645	Sodium-dependent serotonin transporter		GO:0070527		Ensembl	NCBITaxon:9606	IEA	UniProtKB:Q60857|ensembl:ENSMUSP00000104039	PANTHER:PTHR11616	protein	UniProtKB:P31645	GO_REF:0000107	20250313
UniProtKB:P18089	Alpha-2B adrenergic receptor		GO:0030168		InterPro	NCBITaxon:9606	IEA	InterPro:IPR000207	PANTHER:PTHR24248	protein	UniProtKB:P18089	GO_REF:0000002	20250429
UniProtKB:Q4KMQ2	Anoctamin-6		GO:0007596		UniProt	NCBITaxon:9606	ISS	UniProtKB:Q6P9J9	PANTHER:PTHR12308	protein	UniProtKB:Q4KMQ2	GO_REF:0000024	20121118
UniProtKB:P01042	Kininogen-1		GO:0007596		UniProt	NCBITaxon:9606	IEA	UniProtKB-KW:KW-0094	PANTHER:PTHR13814	protein	UniProtKB:P01042	GO_REF:0000043	20250428
UniProtKB:P48736	Phosphatidylinositol 4,5-bisphosphate 3-kinase catalytic subunit gamma isoform		GO:0070527		UniProt	NCBITaxon:9606	TAS		PANTHER:PTHR10048	protein	UniProtKB:P48736	PMID:21035500	20120103
UniProtKB:P55085	Proteinase-activated receptor 2		GO:0007596		InterPro	NCBITaxon:9606	IEA	InterPro:IPR003912	PANTHER:PTHR24232	protein	UniProtKB:P55085	GO_REF:0000002	20250429
UniProtKB:P15498	Proto-oncogene vav		GO:0030168		UniProt	NCBITaxon:9606	IEA	ARBA:ARBA00027406	PANTHER:PTHR45818	protein	UniProtKB:P15498	GO_REF:0000117	20250428
UniProtKB:P15498	Proto-oncogene vav		GO:0030168		Reactome	NCBITaxon:9606	TAS		PANTHER:PTHR45818	protein	UniProtKB:P15498	Reactome:R-HSA-76002	20241117
UniProtKB:P05160	Coagulation factor XIII B chain		GO:0007596		UniProt	NCBITaxon:9606	IEA	UniProtKB-KW:KW-0094	PANTHER:PTHR45785	protein	UniProtKB:P05160	GO_REF:0000043	20250428
UniProtKB:P05160	Coagulation factor XIII B chain		GO:0007596		Ensembl	NCBITaxon:9606	IEA	UniProtKB:Q07968|ensembl:ENSMUSP00000027615	PANTHER:PTHR45785	protein	UniProtKB:P05160	GO_REF:0000107	20250313
UniProtKB:P05160	Coagulation factor XIII B chain		GO:0007596		PINC	NCBITaxon:9606	TAS		PANTHER:PTHR45785	protein	UniProtKB:P05160	PMID:2334637	20030904
UniProtKB:P05160	Coagulation factor XIII B chain		GO:0072378		ComplexPortal	NCBITaxon:9606	IDA		PANTHER:PTHR45785	protein	UniProtKB:P05160	PMID:27363989	20240823
UniProtKB:P05160	Coagulation factor XIII B chain		GO:0007596		GO_Central	NCBITaxon:9606	IBA	PANTHER:PTN001455694|UniProtKB:P05160|MGI:MGI:88379	PANTHER:PTHR45785	protein		GO_REF:0000033	20250413
UniProtKB:P05155	Plasma protease C1 inhibitor		GO:0007596		UniProt	NCBITaxon:9606	IEA	UniProtKB-KW:KW-0094	PANTHER:PTHR11461	protein	UniProtKB:P05155	GO_REF:0000043	20250428
UniProtKB:P05106	Integrin beta-3		GO:0070527		Ensembl	NCBITaxon:9606	IEA	UniProtKB:O54890|ensembl:ENSMUSP00000021028	PANTHER:PTHR10082	protein	UniProtKB:P05106	GO_REF:0000107	20250313
UniProtKB:P05106	Integrin beta-3		GO:0072378		Ensembl	NCBITaxon:9606	IEA	UniProtKB:O54890|ensembl:ENSMUSP00000021028	PANTHER:PTHR10082	protein	UniProtKB:P05106	GO_REF:0000107	20250313
UniProtKB:P05106	Integrin beta-3		GO:0007596		PINC	NCBITaxon:9606	TAS		PANTHER:PTHR10082	protein	UniProtKB:P05106	PMID:1438206	20030904
UniProtKB:P05106	Integrin beta-3		GO:0030168		UniProt	NCBITaxon:9606	IMP		PANTHER:PTHR10082	protein	UniProtKB:P05106	PMID:15466936	20111207
UniProtKB:P05106	Integrin beta-3		GO:0070527		UniProt	NCBITaxon:9606	IMP		PANTHER:PTHR10082	protein	UniProtKB:P05106	PMID:15466936	20111207
UniProtKB:P05106	Integrin beta-3		GO:0070527		GO_Central	NCBITaxon:9606	IBA	PANTHER:PTN002560728|UniProtKB:P05106|MGI:MGI:96612	PANTHER:PTHR10082	protein		GO_REF:0000033	20230926
UniProtKB:P62937	Peptidyl-prolyl cis-trans isomerase A		GO:0030168		UniProt	NCBITaxon:9606	ISS	UniProtKB:P17742	PANTHER:PTHR11071	protein	UniProtKB:P62937	GO_REF:0000024	20200623
UniProtKB:P62937	Peptidyl-prolyl cis-trans isomerase A		GO:0030168		Ensembl	NCBITaxon:9606	IEA	UniProtKB:P17742|ensembl:ENSMUSP00000117987	PANTHER:PTHR11071	protein	UniProtKB:P62937	GO_REF:0000107	20250313
UniProtKB:P62937	Peptidyl-prolyl cis-trans isomerase A		GO:0070527		UniProt	NCBITaxon:9606	ISS	UniProtKB:P17742	PANTHER:PTHR11071	protein	UniProtKB:P62937	GO_REF:0000024	20200623
UniProtKB:P62937	Peptidyl-prolyl cis-trans isomerase A		GO:0070527		Ensembl	NCBITaxon:9606	IEA	UniProtKB:P17742|ensembl:ENSMUSP00000117987	PANTHER:PTHR11071	protein	UniProtKB:P62937	GO_REF:0000107	20250313
UniProtKB:P42338	Phosphatidylinositol 4,5-bisphosphate 3-kinase catalytic subunit beta isoform		GO:0030168		Ensembl	NCBITaxon:9606	IEA	UniProtKB:Q8BTI9|ensembl:ENSMUSP00000035037	PANTHER:PTHR10048	protein	UniProtKB:P42338	GO_REF:0000107	20250313
UniProtKB:P42338	Phosphatidylinositol 4,5-bisphosphate 3-kinase catalytic subunit beta isoform		GO:0030168		UniProt	NCBITaxon:9606	TAS		PANTHER:PTHR10048	protein	UniProtKB:P42338	PMID:21035500	20120103
UniProtKB:P42338	Phosphatidylinositol 4,5-bisphosphate 3-kinase catalytic subunit beta isoform		GO:0070527		UniProt	NCBITaxon:9606	TAS		PANTHER:PTHR10048	protein	UniProtKB:P42338	PMID:21035500	20120103
UniProtKB:P42336	Phosphatidylinositol 4,5-bisphosphate 3-kinase catalytic subunit alpha isoform		GO:0030168		UniProt	NCBITaxon:9606	TAS		PANTHER:PTHR10048	protein	UniProtKB:P42336	PMID:21035500	20120103
UniProtKB:P25942	Tumor necrosis factor receptor superfamily member 5		GO:0030168		UniProt	NCBITaxon:9606	NAS		PANTHER:PTHR46875	protein	UniProtKB:P25942	PMID:9468137	20030718
UniProtKB:Q14644	Ras GTPase-activating protein 3		GO:0030168		BHF-UCL	NCBITaxon:9606	IDA		PANTHER:PTHR10194	protein	UniProtKB:Q14644	PMID:10828023	20240614
ComplexPortal:CPX-1922	Fibrinogen complex		GO:0072378		ComplexPortal	NCBITaxon:9606	IDA			protein_complex		PMID:16846481	20241126
UniProtKB:P52429	Diacylglycerol kinase epsilon		GO:0030168		UniProt	NCBITaxon:9606	IEA	ARBA:ARBA00027406	PANTHER:PTHR11255	protein	UniProtKB:P52429	GO_REF:0000117	20250428
UniProtKB:P52429	Diacylglycerol kinase epsilon		GO:0030168		Reactome	NCBITaxon:9606	TAS		PANTHER:PTHR11255	protein	UniProtKB:P52429	Reactome:R-HSA-76002	20241117
UniProtKB:P05546	Heparin cofactor 2		GO:0007596		InterPro	NCBITaxon:9606	IEA	InterPro:IPR033831	PANTHER:PTHR11461	protein	UniProtKB:P05546	GO_REF:0000002	20250429
UniProtKB:P05546	Heparin cofactor 2		GO:0007596		UniProt	NCBITaxon:9606	IEA	UniProtKB-KW:KW-0094	PANTHER:PTHR11461	protein	UniProtKB:P05546	GO_REF:0000043	20250428
UniProtKB:P49257	Protein ERGIC-53		GO:0007596		PINC	NCBITaxon:9606	TAS		PANTHER:PTHR12223	protein	UniProtKB:P49257	PMID:9546392	20030904
UniProtKB:Q14573	Inositol 1,4,5-trisphosphate-gated calcium channel ITPR3		GO:0030168		BHF-UCL	NCBITaxon:9606	IDA		PANTHER:PTHR13715	protein	UniProtKB:Q14573	PMID:10828023	20240614
UniProtKB:P05231	Interleukin-6		GO:0030168		BHF-UCL	NCBITaxon:9606	TAS		PANTHER:PTHR48494	protein	UniProtKB:P05231	PMID:7831669	20081103
UniProtKB:P52824	Diacylglycerol kinase theta		GO:0030168		UniProt	NCBITaxon:9606	IEA	ARBA:ARBA00027406	PANTHER:PTHR11255	protein	UniProtKB:P52824	GO_REF:0000117	20250428
UniProtKB:P52824	Diacylglycerol kinase theta		GO:0030168		Reactome	NCBITaxon:9606	TAS		PANTHER:PTHR11255	protein	UniProtKB:P52824	Reactome:R-HSA-76002	20241117
UniProtKB:P52735	Guanine nucleotide exchange factor VAV2		GO:0030168		UniProt	NCBITaxon:9606	IEA	ARBA:ARBA00027406	PANTHER:PTHR45818	protein	UniProtKB:P52735	GO_REF:0000117	20250428
UniProtKB:P52735	Guanine nucleotide exchange factor VAV2		GO:0030168		Reactome	NCBITaxon:9606	TAS		PANTHER:PTHR45818	protein	UniProtKB:P52735	Reactome:R-HSA-76002	20241117
UniProtKB:O43427	Acidic fibroblast growth factor intracellular-binding protein		GO:0070527		UniProt	NCBITaxon:9606	HMP		PANTHER:PTHR13223	protein	UniProtKB:O43427	PMID:23382103	20140721
UniProtKB:P15976	Erythroid transcription factor		GO:0070527		Ensembl	NCBITaxon:9606	IEA	UniProtKB:P17679|ensembl:ENSMUSP00000033502	PANTHER:PTHR10071	protein	UniProtKB:P15976	GO_REF:0000107	20250313
UniProtKB:P15976	Erythroid transcription factor		GO:0070527		BHF-UCL	NCBITaxon:9606	IMP		PANTHER:PTHR10071	protein	UniProtKB:P15976	PMID:15701726	20110512
UniProtKB:Q04756	Hepatocyte growth factor activator serine protease		GO:0007596		GO_Central	NCBITaxon:9606	IBA	PANTHER:PTN002800021|MGI:MGI:1891012	PANTHER:PTHR24264	protein		GO_REF:0000033	20230603
UniProtKB:P42768	Actin nucleation-promoting factor WAS		GO:0007596		PINC	NCBITaxon:9606	TAS			protein	UniProtKB:P42768	PMID:8069912	20030904
UniProtKB:P21291	Cysteine and glycine-rich protein 1		GO:0070527		UniProt	NCBITaxon:9606	HMP		PANTHER:PTHR24215	protein	UniProtKB:P21291	PMID:23382103	20140721
UniProtKB:Q15389	Angiopoietin-1		GO:0007596		InterPro	NCBITaxon:9606	IEA	InterPro:IPR037579	PANTHER:PTHR19143	protein	UniProtKB:Q15389	GO_REF:0000002	20250429
UniProtKB:P68871	Hemoglobin subunit beta		GO:0070527		UniProt	NCBITaxon:9606	HMP		PANTHER:PTHR11442	protein	UniProtKB:P68871	PMID:23382103	20140721
UniProtKB:P48307	Tissue factor pathway inhibitor 2		GO:0007596		UniProt	NCBITaxon:9606	IEA	UniProtKB-KW:KW-0094	PANTHER:PTHR10083	protein	UniProtKB:P48307	GO_REF:0000043	20250428
UniProtKB:P51575	P2X purinoceptor 1		GO:0030168		Ensembl	NCBITaxon:9606	IEA	UniProtKB:P51576|ensembl:ENSMUSP00000021141	PANTHER:PTHR10125	protein	UniProtKB:P51575	GO_REF:0000107	20250313
UniProtKB:Q86XP1	Diacylglycerol kinase eta		GO:0030168		UniProt	NCBITaxon:9606	IEA	ARBA:ARBA00027406	PANTHER:PTHR11255	protein	UniProtKB:Q86XP1	GO_REF:0000117	20250428
UniProtKB:Q86XP1	Diacylglycerol kinase eta		GO:0030168		Reactome	NCBITaxon:9606	TAS		PANTHER:PTHR11255	protein	UniProtKB:Q86XP1	Reactome:R-HSA-76002	20241117
UniProtKB:P41235	Hepatocyte nuclear factor 4-alpha		GO:0007596		BHF-UCL	NCBITaxon:9606	IDA		PANTHER:PTHR24083	protein	UniProtKB:P41235	PMID:12911579	20080421
UniProtKB:Q9HCN6	Platelet glycoprotein VI		GO:0070527		Ensembl	NCBITaxon:9606	IEA	UniProtKB:P0C191|ensembl:ENSMUSP00000145740	PANTHER:PTHR11738	protein	UniProtKB:Q9HCN6	GO_REF:0000107	20250313
UniProtKB:Q9HCN6	Platelet glycoprotein VI		GO:0007596		UniProt	NCBITaxon:9606	IEA	UniProtKB-KW:KW-0094	PANTHER:PTHR11738	protein	UniProtKB:Q9HCN6	GO_REF:0000043	20250428
UniProtKB:Q9HCN6	Platelet glycoprotein VI		GO:0030168		UniProt	NCBITaxon:9606	NAS		PANTHER:PTHR11738	protein	UniProtKB:Q9HCN6	PMID:11027634	20010830
UniProtKB:Q9HCN6	Platelet glycoprotein VI		GO:0070527		Ensembl	NCBITaxon:9606	IEA	UniProtKB:A6KNL2|ensembl:ENSRNOP00000065697	PANTHER:PTHR11738	protein	UniProtKB:Q9HCN6	GO_REF:0000107	20250313
UniProtKB:Q9HCN6	Platelet glycoprotein VI		GO:0070527		Ensembl	NCBITaxon:9606	IEA	UniProtKB:M0R8A3|ensembl:ENSRNOP00000065697	PANTHER:PTHR11738	protein	UniProtKB:Q9HCN6	GO_REF:0000107	20250313
UniProtKB:Q86YV9	BLOC-2 complex member HPS6		GO:0007596		Ensembl	NCBITaxon:9606	IEA	UniProtKB:Q8BLY7|ensembl:ENSMUSP00000096991	PANTHER:PTHR14696	protein	UniProtKB:Q86YV9	GO_REF:0000107	20250313
UniProtKB:Q9HBI6	Cytochrome P450 4F11		GO:0007596		UniProt	NCBITaxon:9606	TAS		PANTHER:PTHR24291	protein	UniProtKB:Q9HBI6	PMID:24138531	20140828
