Input	Match type	Approved symbol	Approved name	HGNC ID	Location
HSBP1L1	Approved symbol	HSBP1L1	heat shock factor binding protein 1 like 1	HGNC:37243	18q23
HSPA6	Approved symbol	HSPA6	heat shock protein family A (Hsp70) member 6	HGNC:5239	1q23.3
RBBP7	Approved symbol	RBBP7	RB binding protein 7, chromatin remodeling factor	HGNC:9890	Xp22.2
HSBP1	Approved symbol	HSBP1	heat shock factor binding protein 1	HGNC:5203	16q23.3
HSPA1A	Approved symbol	HSPA1A	heat shock protein family A (Hsp70) member 1A	HGNC:5232	6p21.33
HSPA1B	Approved symbol	HSPA1B	heat shock protein family A (Hsp70) member 1B	HGNC:5233	6p21.33
ABAT	Approved symbol	ABAT	4-aminobutyrate aminotransferase	HGNC:23	16p13.2
TNFSF11	Approved symbol	TNFSF11	TNF superfamily member 11	HGNC:11926	13q14.11
PTGER3	Approved symbol	PTGER3	prostaglandin E receptor 3	HGNC:9595	1p31.1
APLN	Approved symbol	APLN	apelin	HGNC:16665	Xq26.1
TNFRSF11A	Approved symbol	TNFRSF11A	TNF receptor superfamily member 11a	HGNC:11908	18q21.33
HTR2A	Approved symbol	HTR2A	5-hydroxytryptamine receptor 2A	HGNC:5293	13q14.2
PTGS2	Approved symbol	PTGS2	prostaglandin-endoperoxide synthase 2	HGNC:9605	1q31.1
TNF	Approved symbol	TNF	tumor necrosis factor	HGNC:11892	6p21.33
NMU	Approved symbol	NMU	neuromedin U	HGNC:7859	4q12
SLC27A1	Approved symbol	SLC27A1	solute carrier family 27 member 1	HGNC:10995	19p13.11
IL1B	Approved symbol	IL1B	interleukin 1 beta	HGNC:5992	2q14.1
NR1D1	Approved symbol	NR1D1	nuclear receptor subfamily 1 group D member 1	HGNC:7962	17q21.1
EGR1	Approved symbol	EGR1	early growth response 1	HGNC:3238	5q31.2
TRPV1	Approved symbol	TRPV1	transient receptor potential cation channel subfamily V member 1	HGNC:12716	17p13.2
ARRDC3	Approved symbol	ARRDC3	arrestin domain containing 3	HGNC:29263	5q14.3
ADRB2	Approved symbol	ADRB2	adrenoceptor beta 2	HGNC:286	5q32
ADRB3	Approved symbol	ADRB3	adrenoceptor beta 3	HGNC:288	8p11.23
ADRB1	Approved symbol	ADRB1	adrenoceptor beta 1	HGNC:285	10q25.3
IL1A	Approved symbol	IL1A	interleukin 1 alpha	HGNC:5991	2q14.1
DBH	Approved symbol	DBH	dopamine beta-hydroxylase	HGNC:2689	9q34.2
CLSTN3	Approved symbol	CLSTN3	calsyntenin 3	HGNC:18371	12p13.31
NOX3	Approved symbol	NOX3	NADPH oxidase 3	HGNC:7890	6q25.3
SQSTM1	Approved symbol	SQSTM1	sequestosome 1	HGNC:11280	5q35.3
DRD2	Approved symbol	DRD2	dopamine receptor D2	HGNC:3023	11q23.2
FOXO1	Approved symbol	FOXO1	forkhead box O1	HGNC:3819	13q14.11
NAPEPLD	Approved symbol	NAPEPLD	N-acyl phosphatidylethanolamine phospholipase D	HGNC:21683	7q22.1
STAT3	Approved symbol	STAT3	signal transducer and activator of transcription 3	HGNC:11364	17q21.2
NTSR1	Approved symbol	NTSR1	neurotensin receptor 1	HGNC:8039	20q13.33
PPARGC1A	Approved symbol	PPARGC1A	PPARG coactivator 1 alpha	HGNC:9237	4p15.2
ADORA1	Approved symbol	ADORA1	adenosine A1 receptor	HGNC:262	1q32.1
FTO	Approved symbol	FTO	FTO alpha-ketoglutarate dependent dioxygenase	HGNC:24678	16q12.2
ACADVL	Approved symbol	ACADVL	acyl-CoA dehydrogenase very long chain	HGNC:92	17p13.1
EDN2	Approved symbol	EDN2	endothelin 2	HGNC:3177	1p34.2
GPX1	Approved symbol	GPX1	glutathione peroxidase 1	HGNC:4553	3p21.31
IGF2BP2	Approved symbol	IGF2BP2	insulin like growth factor 2 mRNA binding protein 2	HGNC:28867	3q27.2
CIDEA	Approved symbol	CIDEA	cell death inducing DFFA like effector a	HGNC:1976	18p11.21
MCRIP2	Approved symbol	MCRIP2	MAPK regulated corepressor interacting protein 2	HGNC:14142	16p13.3
DRD1	Approved symbol	DRD1	dopamine receptor D1	HGNC:3020	5q35.2
ACADL	Approved symbol	ACADL	acyl-CoA dehydrogenase long chain	HGNC:88	2q34
MC3R	Approved symbol	MC3R	melanocortin 3 receptor	HGNC:6931	20q13.2
TRPM2	Approved symbol	TRPM2	transient receptor potential cation channel subfamily M member 2	HGNC:12339	21q22.3
HCRT	Approved symbol	HCRT	hypocretin neuropeptide precursor	HGNC:4847	17q21.2
NOD2	Approved symbol	NOD2	nucleotide binding oligomerization domain containing 2	HGNC:5331	16q12.1
PPP5C	Approved symbol	PPP5C	protein phosphatase 5 catalytic subunit	HGNC:9322	19q13.32
RPS3	Approved symbol	RPS3	ribosomal protein S3	HGNC:10420	11q13.4
GPR37	Approved symbol	GPR37	G protein-coupled receptor 37	HGNC:4494	7q31.33
DNAJC2	Approved symbol	DNAJC2	DnaJ heat shock protein family (Hsp40) member C2	HGNC:13192	7q22.1
CDK1	Approved symbol	CDK1	cyclin dependent kinase 1	HGNC:1722	10q21.2
METTL21A	Approved symbol	METTL21A	methyltransferase 21A, HSPA lysine	HGNC:30476	2q33.3
DNAJB3	Approved symbol	DNAJB3	DnaJ heat shock protein family (Hsp40) member B3	HGNC:32397	2q37.1
DNAJA4	Approved symbol	DNAJA4	DnaJ heat shock protein family (Hsp40) member A4	HGNC:14885	15q25.1
RNF207	Approved symbol	RNF207	ring finger protein 207	HGNC:32947	1p36.31
DNAJA2	Approved symbol	DNAJA2	DnaJ heat shock protein family (Hsp40) member A2	HGNC:14884	16q11.2
FICD	Approved symbol	FICD	FIC domain protein adenylyltransferase	HGNC:18416	12q23.3
TSC1	Approved symbol	TSC1	TSC complex subunit 1	HGNC:12362	9q34.13
DNAJB14	Approved symbol	DNAJB14	DnaJ heat shock protein family (Hsp40) member B14	HGNC:25881	4q23
BAG6	Approved symbol	BAG6	BAG cochaperone 6	HGNC:13919	6p21.33
HDAC8	Approved symbol	HDAC8	histone deacetylase 8	HGNC:13315	Xq13.1
SPN	Approved symbol	SPN	sialophorin	HGNC:11249	16p11.2
TFRC	Approved symbol	TFRC	transferrin receptor	HGNC:11763	3q29
DNAJC10	Approved symbol	DNAJC10	DnaJ heat shock protein family (Hsp40) member C10	HGNC:24637	2q32.1
DNAJC18	Approved symbol	DNAJC18	DnaJ heat shock protein family (Hsp40) member C18	HGNC:28429	5q31.2
PRKN	Approved symbol	PRKN	parkin RBR E3 ubiquitin protein ligase	HGNC:8607	6q26
MVD	Approved symbol	MVD	mevalonate diphosphate decarboxylase	HGNC:7529	16q24.2
DNAJB12	Approved symbol	DNAJB12	DnaJ heat shock protein family (Hsp40) member B12	HGNC:14891	10q22.1
DNAJB7	Approved symbol	DNAJB7	DnaJ heat shock protein family (Hsp40) member B7	HGNC:24986	22q13.2
PACRG	Approved symbol	PACRG	parkin coregulated	HGNC:19152	6q26
DNAJC8	Approved symbol	DNAJC8	DnaJ heat shock protein family (Hsp40) member C8	HGNC:15470	1p35.3
STUB1	Approved symbol	STUB1	STIP1 homology and U-box containing protein 1	HGNC:11427	16p13.3
STAU2	Approved symbol	STAU2	staufen double-stranded RNA binding protein 2	HGNC:11371	8q21.11
SACS	Approved symbol	SACS	sacsin molecular chaperone	HGNC:10519	13q12.12
DNAJB6	Approved symbol	DNAJB6	DnaJ heat shock protein family (Hsp40) member B6	HGNC:14888	7q36.3
DNAJB9	Approved symbol	DNAJB9	DnaJ heat shock protein family (Hsp40) member B9	HGNC:6968	7q31.1
TTC4	Approved symbol	TTC4	tetratricopeptide repeat domain 4	HGNC:12394	1p32.3
PGLYRP1	Approved symbol	PGLYRP1	peptidoglycan recognition protein 1	HGNC:8904	19q13.32
ERN1	Approved symbol	ERN1	endoplasmic reticulum to nucleus signaling 1	HGNC:3449	17q23.3
DNAJA3	Approved symbol	DNAJA3	DnaJ heat shock protein family (Hsp40) member A3	HGNC:11808	16p13.3
DNAJB8	Approved symbol	DNAJB8	DnaJ heat shock protein family (Hsp40) member B8	HGNC:23699	3q21.3
SGTB	Approved symbol	SGTB	small glutamine rich tetratricopeptide repeat co-chaperone beta	HGNC:23567	5q12.3
NUP62	Approved symbol	NUP62	nucleoporin 62	HGNC:8066	19q13.33
SNCA	Approved symbol	SNCA	synuclein alpha	HGNC:11138	4q22.1
CYP1A1	Approved symbol	CYP1A1	cytochrome P450 family 1 subfamily A member 1	HGNC:2595	15q24.1
ST13	Approved symbol	ST13	ST13 Hsp70 interacting protein	HGNC:11343	22q13.2
PPEF2	Approved symbol	PPEF2	protein phosphatase with EF-hand domain 2	HGNC:9244	4q21.1
CREB1	Approved symbol	CREB1	cAMP responsive element binding protein 1	HGNC:2345	2q33.3
BAX	Approved symbol	BAX	BCL2 associated X, apoptosis regulator	HGNC:959	19q13.33
PPID	Approved symbol	PPID	peptidylprolyl isomerase D	HGNC:9257	4q32.1
DNAJA1	Approved symbol	DNAJA1	DnaJ heat shock protein family (Hsp40) member A1	HGNC:5229	9p21.1
DNAJB2	Approved symbol	DNAJB2	DnaJ heat shock protein family (Hsp40) member B2	HGNC:5228	2q35
DNAJB1	Approved symbol	DNAJB1	DnaJ heat shock protein family (Hsp40) member B1	HGNC:5270	19p13.12
CYP2E1	Approved symbol	CYP2E1	cytochrome P450 family 2 subfamily E member 1	HGNC:2631	10q26.3
MIR155HG	Approved symbol	MIR155HG	MIR155 host gene	HGNC:35460	21q21.3
HIKESHI	Approved symbol	HIKESHI	heat shock protein nuclear import factor hikeshi	HGNC:26938	11q14.2
WDR47	Approved symbol	WDR47	WD repeat domain 47	HGNC:29141	1p13.3
GRIK2	Approved symbol	GRIK2	glutamate ionotropic receptor kainate type subunit 2	HGNC:4580	6q16.3
TRPA1	Approved symbol	TRPA1	transient receptor potential cation channel subfamily A member 1	HGNC:497	8q21.11
TRPM8	Approved symbol	TRPM8	transient receptor potential cation channel subfamily M member 8	HGNC:17961	2q37.1
OPN4	Approved symbol	OPN4	opsin 4	HGNC:14449	10q23.2
ADRA2A	Approved symbol	ADRA2A	adrenoceptor alpha 2A	HGNC:281	10q25.2
RHO	Approved symbol	RHO	rhodopsin	HGNC:10012	3q22.1
ZNF516	Approved symbol	ZNF516	zinc finger protein 516	HGNC:28990	18q23
ADIPOR2	Approved symbol	ADIPOR2	adiponectin receptor 2	HGNC:24041	12p13.33
CMKLR1	Approved symbol	CMKLR1	chemerin chemokine-like receptor 1	HGNC:2121	12q23.3
OGT	Approved symbol	OGT	O-linked N-acetylglucosamine (GlcNAc) transferase	HGNC:8127	Xq13.1
SIRT6	Approved symbol	SIRT6	sirtuin 6	HGNC:14934	19p13.3
GNAS	Approved symbol	GNAS	GNAS complex locus	HGNC:4392	20q13.32
DIO2	Approved symbol	DIO2	iodothyronine deiodinase 2	HGNC:2884	14q31.1
CD36	Approved symbol	CD36	CD36 molecule (CD36 blood group)	HGNC:1663	7q21.11
SLN	Approved symbol	SLN	sarcolipin	HGNC:11089	11q22.3
EPAS1	Approved symbol	EPAS1	endothelial PAS domain protein 1	HGNC:3374	2p21
GATM	Approved symbol	GATM	glycine amidinotransferase	HGNC:4175	15q21.1
JAK2	Approved symbol	JAK2	Janus kinase 2	HGNC:6192	9p24.1
OVOL2	Approved symbol	OVOL2	ovo like zinc finger 2	HGNC:15804	20p11.23
FABP5	Approved symbol	FABP5	fatty acid binding protein 5	HGNC:3560	8q21.13
PHOX2B	Approved symbol	PHOX2B	paired like homeobox 2B	HGNC:9143	4p13
GPR3	Approved symbol	GPR3	G protein-coupled receptor 3	HGNC:4484	1p36.11
ALMS1	Approved symbol	ALMS1	ALMS1 centrosome and basal body associated protein	HGNC:428	2p13.1
CPT2	Approved symbol	CPT2	carnitine palmitoyltransferase 2	HGNC:2330	1p32.3
IL4R	Approved symbol	IL4R	interleukin 4 receptor	HGNC:6015	16p12.1
KDM1A	Approved symbol	KDM1A	lysine demethylase 1A	HGNC:29079	1p36.12
IRF4	Approved symbol	IRF4	interferon regulatory factor 4	HGNC:6119	6p25.3
ADIPOQ	Approved symbol	ADIPOQ	adiponectin, C1Q and collagen domain containing	HGNC:13633	3q27.3
SCD	Approved symbol	SCD	stearoyl-CoA desaturase	HGNC:10571	10q24.31
SYK	Approved symbol	SYK	spleen associated tyrosine kinase	HGNC:11491	9q22.2
GRB10	Approved symbol	GRB10	growth factor receptor bound protein 10	HGNC:4564	7p12.1
CXCR4	Approved symbol	CXCR4	C-X-C motif chemokine receptor 4	HGNC:2561	2q22.1
EBF2	Approved symbol	EBF2	EBF transcription factor 2	HGNC:19090	8p21.2
HDAC3	Approved symbol	HDAC3	histone deacetylase 3	HGNC:4854	5q31.3
ZBTB7B	Approved symbol	ZBTB7B	zinc finger and BTB domain containing 7B	HGNC:18668	1q21.3
PER2	Approved symbol	PER2	period circadian regulator 2	HGNC:8846	2q37.3
KDM6B	Approved symbol	KDM6B	lysine demethylase 6B	HGNC:29012	17p13.1
IL18	Approved symbol	IL18	interleukin 18	HGNC:5986	11q23.1
FABP4	Approved symbol	FABP4	fatty acid binding protein 4	HGNC:3559	8q21.13
BSCL2	Approved symbol	BSCL2	BSCL2 lipid droplet biogenesis associated, seipin	HGNC:15832	11q12.3
PDGFC	Approved symbol	PDGFC	platelet derived growth factor C	HGNC:8801	4q32.1
FH	Approved symbol	FH	fumarate hydratase	HGNC:3700	1q43
SMARCA4	Approved symbol	SMARCA4	SWI/SNF related BAF chromatin remodeling complex subunit ATPase 4	HGNC:11100	19p13.2
CEBPB	Approved symbol	CEBPB	CCAAT enhancer binding protein beta	HGNC:1834	20q13.13
DECR1	Approved symbol	DECR1	2,4-dienoyl-CoA reductase 1	HGNC:2753	8q21.3
FGF21	Approved symbol	FGF21	fibroblast growth factor 21	HGNC:3678	19q13.33
EHMT1	Approved symbol	EHMT1	euchromatic histone lysine methyltransferase 1	HGNC:24650	9q34.3
KSR2	Approved symbol	KSR2	kinase suppressor of ras 2	HGNC:18610	12q24.22-q24.23
CAV1	Approved symbol	CAV1	caveolin 1	HGNC:1527	7q31.2
PLAC8	Approved symbol	PLAC8	placenta associated 8	HGNC:19254	4q21.22
YBX2	Approved symbol	YBX2	Y-box binding protein 2	HGNC:17948	17p13.1
OMA1	Approved symbol	OMA1	OMA1 zinc metallopeptidase	HGNC:29661	1p32.2-p32.1
CNOT3	Approved symbol	CNOT3	CCR4-NOT transcription complex subunit 3	HGNC:7879	19q13.42
APPL2	Approved symbol	APPL2	adaptor protein, phosphotyrosine interacting with PH domain and leucine zipper 2	HGNC:18242	12q23.3
PRKAB1	Approved symbol	PRKAB1	protein kinase AMP-activated non-catalytic subunit beta 1	HGNC:9378	12q24.23
ADIPOR1	Approved symbol	ADIPOR1	adiponectin receptor 1	HGNC:24040	1q32.1
GJA1	Approved symbol	GJA1	gap junction protein alpha 1	HGNC:4274	6q22.31
GADD45G	Approved symbol	GADD45G	growth arrest and DNA damage inducible gamma	HGNC:4097	9q22.2
TRPV2	Approved symbol	TRPV2	transient receptor potential cation channel subfamily V member 2	HGNC:18082	17p11.2
GHRL	Approved symbol	GHRL	ghrelin and obestatin prepropeptide	HGNC:18129	3p25.3
PEMT	Approved symbol	PEMT	phosphatidylethanolamine N-methyltransferase	HGNC:8830	17p11.2
MFN2	Approved symbol	MFN2	mitofusin 2	HGNC:16877	1p36.22
CCR2	Approved symbol	CCR2	C-C motif chemokine receptor 2	HGNC:1603	3p21.31
LETMD1	Approved symbol	LETMD1	LETM1 domain containing 1	HGNC:24241	12q13.12
ACHE	Approved symbol	ACHE	acetylcholinesterase (Yt blood group)	HGNC:108	7q22.1
PRKAB2	Approved symbol	PRKAB2	protein kinase AMP-activated non-catalytic subunit beta 2	HGNC:9379	1q21.1
OXTR	Approved symbol	OXTR	oxytocin receptor	HGNC:8529	3p25.3
G0S2	Approved symbol	G0S2	G0/G1 switch 2	HGNC:30229	1q32.2
HADH	Approved symbol	HADH	hydroxyacyl-CoA dehydrogenase	HGNC:4799	4q25
PPARGC1B	Approved symbol	PPARGC1B	PPARG coactivator 1 beta	HGNC:30022	5q32
THRA	Approved symbol	THRA	thyroid hormone receptor alpha	HGNC:11796	17q21.1
IL13	Approved symbol	IL13	interleukin 13	HGNC:5973	5q31.1
UCP2	Approved symbol	UCP2	uncoupling protein 2	HGNC:12518	11q13.4
APC	Approved symbol	APC	APC regulator of Wnt signaling pathway	HGNC:583	5q22.2
HSF1	Approved symbol	HSF1	heat shock transcription factor 1	HGNC:5224	8q24.3
ADCYAP1	Approved symbol	ADCYAP1	adenylate cyclase activating polypeptide 1	HGNC:241	18p11.32
OXT	Approved symbol	OXT	oxytocin/neurophysin I prepropeptide	HGNC:8528	20p13
IGF1R	Approved symbol	IGF1R	insulin like growth factor 1 receptor	HGNC:5465	15q26.3
SFXN5	Approved symbol	SFXN5	sideroflexin 5	HGNC:16073	2p13.2
DYNC1H1	Approved symbol	DYNC1H1	dynein cytoplasmic 1 heavy chain 1	HGNC:2961	14q32.31
MFAP2	Approved symbol	MFAP2	microfibril associated protein 2	HGNC:7033	1p36.13
ALPL	Approved symbol	ALPL	alkaline phosphatase, biomineralization associated	HGNC:438	1p36.12
IL4	Approved symbol	IL4	interleukin 4	HGNC:6014	5q31.1
PTH2R	Approved symbol	PTH2R	parathyroid hormone 2 receptor	HGNC:9609	2q34
ESRRG	Approved symbol	ESRRG	estrogen related receptor gamma	HGNC:3474	1q41
VEGFA	Approved symbol	VEGFA	vascular endothelial growth factor A	HGNC:12680	6p21.1
LPIN1	Approved symbol	LPIN1	lipin 1	HGNC:13345	2p25.1
UCP1	Approved symbol	UCP1	uncoupling protein 1	HGNC:12517	4q31.1
STAT6	Approved symbol	STAT6	signal transducer and activator of transcription 6	HGNC:11368	12q13.3
KDM3A	Approved symbol	KDM3A	lysine demethylase 3A	HGNC:20815	2p11.2
LCN2	Approved symbol	LCN2	lipocalin 2	HGNC:6526	9q34.11
ELOVL6	Approved symbol	ELOVL6	ELOVL fatty acid elongase 6	HGNC:15829	4q25
LEPR	Approved symbol	LEPR	leptin receptor	HGNC:6554	1p31.3
PRLR	Approved symbol	PRLR	prolactin receptor	HGNC:9446	5p13.2
TSHR	Approved symbol	TSHR	thyroid stimulating hormone receptor	HGNC:12373	14q24-q31
PRDM16	Approved symbol	PRDM16	PR/SET domain 16	HGNC:14000	1p36.32
ACSL1	Approved symbol	ACSL1	acyl-CoA synthetase long chain family member 1	HGNC:3569	4q35.1
ELOVL3	Approved symbol	ELOVL3	ELOVL fatty acid elongase 3	HGNC:18047	10q24.32
FFAR4	Approved symbol	FFAR4	free fatty acid receptor 4	HGNC:19061	10q23.33
LEP	Approved symbol	LEP	leptin	HGNC:6553	7q32.1
CSNK2A1	Approved symbol	CSNK2A1	casein kinase 2 alpha 1	HGNC:2457	20p13
USP19	Approved symbol	USP19	ubiquitin specific peptidase 19	HGNC:12617	3p21.31
NPAS2	Approved symbol	NPAS2	neuronal PAS domain protein 2	HGNC:7895	2q11.2
ZFP36	Approved symbol	ZFP36	ZFP36 ring finger protein	HGNC:12862	19q13.2
OGDH	Approved symbol	OGDH	oxoglutarate dehydrogenase	HGNC:8124	7p13
TOMM34	Approved symbol	TOMM34	translocase of outer mitochondrial membrane 34	HGNC:15746	20q13.12
HIF1A	Approved symbol	HIF1A	hypoxia inducible factor 1 subunit alpha	HGNC:4910	14q23.2
APOA2	Approved symbol	APOA2	apolipoprotein A2	HGNC:601	1q23.3
APOA1	Approved symbol	APOA1	apolipoprotein A1	HGNC:600	11q23.3
SLC12A2	Approved symbol	SLC12A2	solute carrier family 12 member 2	HGNC:10911	5q23.3
EEF1D	Approved symbol	EEF1D	eukaryotic translation elongation factor 1 delta	HGNC:3211	8q24.3
HDAC2	Approved symbol	HDAC2	histone deacetylase 2	HGNC:4853	6q21
ETFBKMT	Approved symbol	ETFBKMT	electron transfer flavoprotein subunit beta lysine methyltransferase	HGNC:28739	12p11.21
PTGES3	Approved symbol	PTGES3	prostaglandin E synthase 3	HGNC:16049	12q13.3
METTL22	Approved symbol	METTL22	methyltransferase 22, Kin17 lysine	HGNC:28368	16p13.2
PRKD1	Approved symbol	PRKD1	protein kinase D1	HGNC:9407	14q12
UNC45B	Approved symbol	UNC45B	unc-45 myosin chaperone B	HGNC:14304	17q12
DNAJC9	Approved symbol	DNAJC9	DnaJ heat shock protein family (Hsp40) member C9	HGNC:19123	10q22.2
LIMK1	Approved symbol	LIMK1	LIM domain kinase 1	HGNC:6613	7q11.23
HSPA1L	Approved symbol	HSPA1L	heat shock protein family A (Hsp70) member 1 like	HGNC:5234	6p21.33
FKBP5	Approved symbol	FKBP5	FKBP prolyl isomerase 5	HGNC:3721	6p21.31
NR3C1	Approved symbol	NR3C1	nuclear receptor subfamily 3 group C member 1	HGNC:7978	5q31.3
PTGES3L	Approved symbol	PTGES3L	prostaglandin E synthase 3 like	HGNC:43943	17q21.31
APAF1	Approved symbol	APAF1	apoptotic peptidase activating factor 1	HGNC:576	12q23.1
HSPA2	Approved symbol	HSPA2	heat shock protein family A (Hsp70) member 2	HGNC:5235	14q23.3
HSPA5	Approved symbol	HSPA5	heat shock protein family A (Hsp70) member 5	HGNC:5238	9q33.3
EIF2AK3	Approved symbol	EIF2AK3	eukaryotic translation initiation factor 2 alpha kinase 3	HGNC:3255	2p11.2
GMEB1	Approved symbol	GMEB1	glucocorticoid modulatory element binding protein 1	HGNC:4370	1p35.3
SSUH2	Approved symbol	SSUH2	ssu-2 homolog	HGNC:24809	3p25.3
EEF1AKMT3	Approved symbol	EEF1AKMT3	EEF1A lysine methyltransferase 3	HGNC:24936	12q14.1
FKBP6	Approved symbol	FKBP6	FKBP prolyl isomerase family member 6 (inactive)	HGNC:3722	7q11.23
DNAJC6	Approved symbol	DNAJC6	DnaJ heat shock protein family (Hsp40) member C6	HGNC:15469	1p31.3
HDAC6	Approved symbol	HDAC6	histone deacetylase 6	HGNC:14064	Xp11.23
DAXX	Approved symbol	DAXX	death domain associated protein	HGNC:2681	6p21.32
TELO2	Approved symbol	TELO2	telomere maintenance 2	HGNC:29099	16p13.3
TSC2	Approved symbol	TSC2	TSC complex subunit 2	HGNC:12363	16p13.3
HTT	Approved symbol	HTT	huntingtin	HGNC:4851	4p16.3
METTL21C	Approved symbol	METTL21C	methyltransferase 21C, AARS1 lysine	HGNC:33717	13q33.1
TPR	Approved symbol	TPR	translocated promoter region, nuclear basket protein	HGNC:12017	1q31.1
BAG2	Approved symbol	BAG2	BAG cochaperone 2	HGNC:938	6p12.1
CDC37	Approved symbol	CDC37	cell division cycle 37, HSP90 cochaperone	HGNC:1735	19p13.2
CHORDC1	Approved symbol	CHORDC1	cysteine and histidine rich domain containing 1	HGNC:14525	11q14.3
BAK1	Approved symbol	BAK1	BCL2 antagonist/killer 1	HGNC:949	6p21.31
PDXP	Approved symbol	PDXP	pyridoxal phosphatase	HGNC:30259	22q13.1
MAPT	Approved symbol	MAPT	microtubule associated protein tau	HGNC:6893	17q21.31
IRAK1	Approved symbol	IRAK1	interleukin 1 receptor associated kinase 1	HGNC:6112	Xq28
GUCY1B1	Approved symbol	GUCY1B1	guanylate cyclase 1 soluble subunit beta 1	HGNC:4687	4q32.1
FKBP4	Approved symbol	FKBP4	FKBP prolyl isomerase 4	HGNC:3720	12p13.33
UNC45A	Approved symbol	UNC45A	unc-45 myosin chaperone A	HGNC:30594	15q26.1
LMAN2	Approved symbol	LMAN2	lectin, mannose binding 2	HGNC:16986	5q35.3
HSPA13	Approved symbol	HSPA13	heat shock protein family A (Hsp70) member 13	HGNC:11375	21q11.2
CAMKMT	Approved symbol	CAMKMT	calmodulin-lysine N-methyltransferase	HGNC:26276	2p21
STIP1	Approved symbol	STIP1	stress induced phosphoprotein 1	HGNC:11387	11q13.1
HSPA9	Approved symbol	HSPA9	heat shock protein family A (Hsp70) member 9	HGNC:5244	5q31.2
FAF1	Approved symbol	FAF1	Fas associated factor 1	HGNC:3578	1p32.3
TFAM	Approved symbol	TFAM	transcription factor A, mitochondrial	HGNC:11741	10q21.1
ITGAM	Approved symbol	ITGAM	integrin subunit alpha M	HGNC:6149	16p11.2
HSPA8	Approved symbol	HSPA8	heat shock protein family A (Hsp70) member 8	HGNC:5241	11q24.1
BMAL1	Approved symbol	BMAL1	basic helix-loop-helix ARNT like 1	HGNC:701	11p15.3
HSPA7	Approved symbol	HSPA7	heat shock protein family A (Hsp70) member 7 (pseudogene)	HGNC:5240	1q23.3
HSP90AB1	Approved symbol	HSP90AB1	heat shock protein 90 alpha family class B member 1	HGNC:5258	6p21.1
CDK5	Approved symbol	CDK5	cyclin dependent kinase 5	HGNC:1774	7q36.1
KDR	Approved symbol	KDR	kinase insert domain receptor	HGNC:6307	4q12
ITGB2	Approved symbol	ITGB2	integrin subunit beta 2	HGNC:6155	21q22.3
AHR	Approved symbol	AHR	aryl hydrocarbon receptor	HGNC:348	7p21.1
METTL18	Approved symbol	METTL18	methyltransferase 18, RPL3 N3(tau)-histidine	HGNC:28793	1q24.2
AHSA1	Approved symbol	AHSA1	activator of HSP90 ATPase activity 1	HGNC:1189	14q24.3
HSPA14	Approved symbol	HSPA14	heat shock protein family A (Hsp70) member 14	HGNC:29526	10p13
KPNB1	Approved symbol	KPNB1	karyopherin subunit beta 1	HGNC:6400	17q21.32
BCOR	Approved symbol	BCOR	BCL6 corepressor	HGNC:20893	Xp11.4
GBP1	Approved symbol	GBP1	guanylate binding protein 1	HGNC:4182	1p22.2
CDC37L1	Approved symbol	CDC37L1	cell division cycle 37 like 1, HSP90 cochaperone	HGNC:17179	9p24.1
DNAJC7	Approved symbol	DNAJC7	DnaJ heat shock protein family (Hsp40) member C7	HGNC:12392	17q21.2
METTL23	Approved symbol	METTL23	methyltransferase 23, arginine	HGNC:26988	17q25.2
EXT1	Approved symbol	EXT1	exostosin glycosyltransferase 1	HGNC:3512	8q24.11
ADAM17	Approved symbol	ADAM17	ADAM metallopeptidase domain 17	HGNC:195	2p25.1
ID1	Approved symbol	ID1	inhibitor of DNA binding 1	HGNC:5360	20q11.21
TLR4	Approved symbol	TLR4	toll like receptor 4	HGNC:11850	9q33.1
ACOT11	Approved symbol	ACOT11	acyl-CoA thioesterase 11	HGNC:18156	1p32.3
RB1	Approved symbol	RB1	RB transcriptional corepressor 1	HGNC:9884	13q14.2
FOXC2	Approved symbol	FOXC2	forkhead box C2	HGNC:3801	16q24.1
TFE3	Approved symbol	TFE3	transcription factor binding to IGHM enhancer 3	HGNC:11752	Xp11.23
ZNF423	Approved symbol	ZNF423	zinc finger protein 423	HGNC:16762	16q12.1
IP6K1	Approved symbol	IP6K1	inositol hexakisphosphate kinase 1	HGNC:18360	3p21.31
ABHD6	Approved symbol	ABHD6	abhydrolase domain containing 6, acylglycerol lipase	HGNC:21398	3p14.3
PLCL1	Approved symbol	PLCL1	phospholipase C like 1 (inactive)	HGNC:9063	2q33.1
ACTN3	Approved symbol	ACTN3	actinin alpha 3	HGNC:165	11q13.2
RHEB	Approved symbol	RHEB	Ras homolog, mTORC1 binding	HGNC:10011	7q36.1
LGR4	Approved symbol	LGR4	leucine rich repeat containing G protein-coupled receptor 4	HGNC:13299	11p14.1
WNT10B	Approved symbol	WNT10B	Wnt family member 10B	HGNC:12775	12q13.12
HOXC10	Approved symbol	HOXC10	homeobox C10	HGNC:5122	12q13.13
QKI	Approved symbol	QKI	QKI, KH domain containing RNA binding	HGNC:21100	6q26
IL18R1	Approved symbol	IL18R1	interleukin 18 receptor 1	HGNC:5988	2q12.1
NR1H3	Approved symbol	NR1H3	nuclear receptor subfamily 1 group H member 3	HGNC:7966	11p11.2
NOVA2	Approved symbol	NOVA2	NOVA alternative splicing regulator 2	HGNC:7887	19q13.32
PLCL2	Approved symbol	PLCL2	phospholipase C like 2	HGNC:9064	3p24.3
DOCK7	Approved symbol	DOCK7	dedicator of cytokinesis 7	HGNC:19190	1p31.3
ADAMTS5	Approved symbol	ADAMTS5	ADAM metallopeptidase with thrombospondin type 1 motif 5	HGNC:221	21q21.3
NOTCH1	Approved symbol	NOTCH1	notch receptor 1	HGNC:7881	9q34.3
IL15	Approved symbol	IL15	interleukin 15	HGNC:5977	4q31.21
LAMA4	Approved symbol	LAMA4	laminin subunit alpha 4	HGNC:6484	6q21
FLCN	Approved symbol	FLCN	folliculin	HGNC:27310	17p11.2
NRDC	Approved symbol	NRDC	nardilysin convertase	HGNC:7995	1p32.3
ALDH1A1	Approved symbol	ALDH1A1	aldehyde dehydrogenase 1 family member A1	HGNC:402	9q21.13
PGAM5	Approved symbol	PGAM5	PGAM family member 5, mitochondrial serine/threonine protein phosphatase	HGNC:28763	12q24.33
PCTP	Approved symbol	PCTP	phosphatidylcholine transfer protein	HGNC:8752	17q22
LNPEP	Approved symbol	LNPEP	leucyl and cystinyl aminopeptidase	HGNC:6656	5q15
NPR3	Approved symbol	NPR3	natriuretic peptide receptor 3	HGNC:7945	5p13.3
ACOT13	Approved symbol	ACOT13	acyl-CoA thioesterase 13	HGNC:20999	6p22.3
RBPJ	Approved symbol	RBPJ	recombination signal binding protein for immunoglobulin kappa J region	HGNC:5724	4p15.2
ATF4	Approved symbol	ATF4	activating transcription factor 4	HGNC:786	22q13.1
DDIT3	Approved symbol	DDIT3	DNA damage inducible transcript 3	HGNC:2726	12q13.3
NR1H2	Approved symbol	NR1H2	nuclear receptor subfamily 1 group H member 2	HGNC:7965	19q13.3
MAP2K6	Approved symbol	MAP2K6	mitogen-activated protein kinase kinase 6	HGNC:6846	17q24.3
TLE3	Approved symbol	TLE3	TLE family member 3, transcriptional corepressor	HGNC:11839	15q23
NOVA1	Approved symbol	NOVA1	NOVA alternative splicing regulator 1	HGNC:7886	14q12
ACVR2B	Approved symbol	ACVR2B	activin A receptor type 2B	HGNC:174	3p22.2
STK11	Approved symbol	STK11	serine/threonine kinase 11	HGNC:11389	19p13.3
EIF2B5	Approved symbol	EIF2B5	eukaryotic translation initiation factor 2B subunit epsilon	HGNC:3261	3q27.1
ATXN3	Approved symbol	ATXN3	ataxin 3	HGNC:7106	14q32.12
MAP2K7	Approved symbol	MAP2K7	mitogen-activated protein kinase kinase 7	HGNC:6847	19p13.2
SUMO1	Approved symbol	SUMO1	small ubiquitin like modifier 1	HGNC:12502	2q33.1
CRYAB	Approved symbol	CRYAB	crystallin alpha B	HGNC:2389	11q23.1
HMOX1	Approved symbol	HMOX1	heme oxygenase 1	HGNC:5013	22q12.3
SCN2B	Approved symbol	SCN2B	sodium voltage-gated channel beta subunit 2	HGNC:10589	11q23.3
ZFAND1	Approved symbol	ZFAND1	zinc finger AN1-type containing 1	HGNC:25858	8q21.13
CRYAA	Approved symbol	CRYAA	crystallin alpha A	HGNC:2388	21q22.3
HSP90AB2P	Approved symbol	HSP90AB2P	heat shock protein 90 alpha family class B member 2, pseudogene	HGNC:32537	4p15.33
HSP90AB3P	Approved symbol	HSP90AB3P	heat shock protein 90 alpha family class B member 3, pseudogene	HGNC:5259	4q22.1
HSP90AB4P	Approved symbol	HSP90AB4P	heat shock protein 90 alpha family class B member 4, pseudogene	HGNC:32538	15q21.3
STAC	Approved symbol	STAC	SH3 and cysteine rich domain	HGNC:11353	3p22.3-p22.2
HSPB6	Approved symbol	HSPB6	heat shock protein family B (small) member 6	HGNC:26511	19q13.12
NOS1	Approved symbol	NOS1	nitric oxide synthase 1	HGNC:7872	12q24.22
NOS3	Approved symbol	NOS3	nitric oxide synthase 3	HGNC:7876	7q36.1
ST8SIA1	Approved symbol	ST8SIA1	ST8 alpha-N-acetyl-neuraminide alpha-2,8-sialyltransferase 1	HGNC:10869	12p12.1
ANO1	Approved symbol	ANO1	anoctamin 1	HGNC:21625	11q13.3
CXCL10	Approved symbol	CXCL10	C-X-C motif chemokine ligand 10	HGNC:10637	4q21.1
P2RX3	Approved symbol	P2RX3	purinergic receptor P2X 3	HGNC:8534	11q12.1
EIF2B2	Approved symbol	EIF2B2	eukaryotic translation initiation factor 2B subunit beta	HGNC:3258	14q24.3
EIF2B3	Approved symbol	EIF2B3	eukaryotic translation initiation factor 2B subunit gamma	HGNC:3259	1p34.1
LYN	Approved symbol	LYN	LYN proto-oncogene, Src family tyrosine kinase	HGNC:6735	8q12.1
HSP90AA1	Approved symbol	HSP90AA1	heat shock protein 90 alpha family class A member 1	HGNC:5253	14q32.31
PRKACA	Approved symbol	PRKACA	protein kinase cAMP-activated catalytic subunit alpha	HGNC:9380	19p13.12
TFEC	Approved symbol	TFEC	transcription factor EC	HGNC:11754	7q31.2
TCIM	Approved symbol	TCIM	transcriptional and immune response regulator	HGNC:1357	8p11.21
THBS1	Approved symbol	THBS1	thrombospondin 1	HGNC:11785	15q14
NF1	Approved symbol	NF1	neurofibromin 1	HGNC:7765	17q11.2
GCLC	Approved symbol	GCLC	glutamate-cysteine ligase catalytic subunit	HGNC:4311	6p12.1
DNAJB4	Approved symbol	DNAJB4	DnaJ heat shock protein family (Hsp40) member B4	HGNC:14886	1p31.1
TP53INP1	Approved symbol	TP53INP1	tumor protein p53 inducible nuclear protein 1	HGNC:18022	8q22.1
PSIP1	Approved symbol	PSIP1	PC4 and SRSF1 interacting protein 1	HGNC:9527	9p22.3
SLU7	Approved symbol	SLU7	spliceosome associated SLU7	HGNC:16939	5q33.3
HSPB2	Approved symbol	HSPB2	heat shock protein family B (small) member 2	HGNC:5247	11q23.1
SOD1	Approved symbol	SOD1	superoxide dismutase 1	HGNC:11179	21q22.11
IER5	Approved symbol	IER5	immediate early response 5	HGNC:5393	1q25.3
CRNN	Approved symbol	CRNN	cornulin	HGNC:1230	1q21.3
PIRT	Approved symbol	PIRT	phosphoinositide interacting regulator of transient receptor potential channels	HGNC:37239	17p12
PDCD6	Approved symbol	PDCD6	programmed cell death 6	HGNC:8765	5p15.33
BAG3	Approved symbol	BAG3	BAG cochaperone 3	HGNC:939	10q26.11
CLPB	Approved symbol	CLPB	ClpB family mitochondrial disaggregase	HGNC:30664	11q13.4
SCN11A	Approved symbol	SCN11A	sodium voltage-gated channel alpha subunit 11	HGNC:10583	3p22.2
EIF2B4	Approved symbol	EIF2B4	eukaryotic translation initiation factor 2B subunit delta	HGNC:3260	2p23.3
ASIC3	Approved symbol	ASIC3	acid sensing ion channel subunit 3	HGNC:101	7q36.1
DHX36	Approved symbol	DHX36	DEAH-box helicase 36	HGNC:14410	3q25.2
SLC52A3	Approved symbol	SLC52A3	solute carrier family 52 member 3	HGNC:16187	20p13
HSPB1	Approved symbol	HSPB1	heat shock protein family B (small) member 1	HGNC:5246	7q11.23
IGF1	Approved symbol	IGF1	insulin like growth factor 1	HGNC:5464	12q23.2
MICA	Approved symbol	MICA	MHC class I polypeptide-related sequence A	HGNC:7090	6p21.33
MICB	Approved symbol	MICB	MHC class I polypeptide-related sequence B	HGNC:7091	6p21.33
HPCAL4	Approved symbol	HPCAL4	hippocalcin like 4	HGNC:18212	1p34.2
CETN1	Approved symbol	CETN1	centrin 1	HGNC:1866	18p11.32
SCARA5	Approved symbol	SCARA5	scavenger receptor class A member 5	HGNC:28701	8p21.1
AKT1	Approved symbol	AKT1	AKT serine/threonine kinase 1	HGNC:391	14q32.33
EIF2B1	Approved symbol	EIF2B1	eukaryotic translation initiation factor 2B subunit alpha	HGNC:3257	12q24.31
VCP	Approved symbol	VCP	valosin containing protein	HGNC:12666	9p13.3
YWHAE	Approved symbol	YWHAE	tyrosine 3-monooxygenase/tryptophan 5-monooxygenase activation protein epsilon	HGNC:12851	17p13.3
EIF2S1	Approved symbol	EIF2S1	eukaryotic translation initiation factor 2 subunit alpha	HGNC:3265	14q23.3
FGF1	Approved symbol	FGF1	fibroblast growth factor 1	HGNC:3665	5q31.3
HTRA2	Approved symbol	HTRA2	HtrA serine peptidase 2	HGNC:14348	2p13.1
MTOR	Approved symbol	MTOR	mechanistic target of rapamycin kinase	HGNC:3942	1p36.22
HSP90AA2P	Approved symbol	HSP90AA2P	heat shock protein 90 alpha family class A member 2, pseudogene	HGNC:5256	11p14.1
CASQ1	Approved symbol	CASQ1	calsequestrin 1	HGNC:1512	1q23.2
TRPV4	Approved symbol	TRPV4	transient receptor potential cation channel subfamily V member 4	HGNC:18083	12q24.11
LRP11	Approved symbol	LRP11	LDL receptor related protein 11	HGNC:16936	6q25.1
KCNK4	Approved symbol	KCNK4	potassium two pore domain channel subfamily K member 4	HGNC:6279	11q13.1
SIX1	Approved symbol	SIX1	SIX homeobox 1	HGNC:10887	14q23.1
VSTM2A	Approved symbol	VSTM2A	V-set and transmembrane domain containing 2A	HGNC:28499	7p11.2
RREB1	Approved symbol	RREB1	ras responsive element binding protein 1	HGNC:10449	6p24.3
GATA2	Approved symbol	GATA2	GATA binding protein 2~Name Same As:- HGNC:18350	HGNC:4171	3q21.3
HNRNPU	Approved symbol	HNRNPU	heterogeneous nuclear ribonucleoprotein U	HGNC:5048	1q44
SLC7A10	Approved symbol	SLC7A10	solute carrier family 7 member 10	HGNC:11058	19q13.11
INS	Approved symbol	INS	insulin	HGNC:6081	11p15.5
FNDC5	Approved symbol	FNDC5	fibronectin type III domain containing 5	HGNC:20240	1p35.1
MAPK14	Approved symbol	MAPK14	mitogen-activated protein kinase 14	HGNC:6876	6p21.31
DUSP10	Approved symbol	DUSP10	dual specificity phosphatase 10	HGNC:3065	1q41
SIRT1	Approved symbol	SIRT1	sirtuin 1	HGNC:14929	10q21.3
SOX13	Approved symbol	SOX13	SRY-box transcription factor 13	HGNC:11192	1q32.1
METRNL	Approved symbol	METRNL	meteorin like, glial cell differentiation regulator	HGNC:27584	17q25.3
BMP7	Approved symbol	BMP7	bone morphogenetic protein 7	HGNC:1074	20q13.31
PIM1	Approved symbol	PIM1	Pim-1 proto-oncogene, serine/threonine kinase	HGNC:8986	6p21.2
CREBBP	Approved symbol	CREBBP	CREB binding lysine acetyltransferase	HGNC:2348	16p13.3
ATM	Approved symbol	ATM	ATM serine/threonine kinase	HGNC:795	11q22.3
ATR	Approved symbol	ATR	ATR checkpoint kinase	HGNC:882	3q23
GSK3B	Approved symbol	GSK3B	glycogen synthase kinase 3 beta	HGNC:4617	3q13.33
EP300	Approved symbol	EP300	EP300 lysine acetyltransferase	HGNC:3373	22q13.2
MAPKAPK2	Approved symbol	MAPKAPK2	MAPK activated protein kinase 2	HGNC:6887	1q32.1
RNF126	Approved symbol	RNF126	ring finger protein 126	HGNC:21151	19p13.3
UBR4	Approved symbol	UBR4	ubiquitin protein ligase E3 component n-recognin 4	HGNC:30313	1p36.13
UBR5	Approved symbol	UBR5	ubiquitin protein ligase E3 component n-recognin 5	HGNC:16806	8q22.3
SLC5A1	Approved symbol	SLC5A1	solute carrier family 5 member 1	HGNC:11036	22q12.3
CLDN18	Approved symbol	CLDN18	claudin 18	HGNC:2039	3q22.3
AQP1	Approved symbol	AQP1	aquaporin 1 (Colton blood group)	HGNC:633	7p14.3
CFTR	Approved symbol	CFTR	CF transmembrane conductance regulator	HGNC:1884	7q31.2
EDNRB	Approved symbol	EDNRB	endothelin receptor type B	HGNC:3180	13q22.3
SCNN1B	Approved symbol	SCNN1B	sodium channel epithelial 1 subunit beta	HGNC:10600	16p12.2
CSF2	Approved symbol	CSF2	colony stimulating factor 2	HGNC:2434	5q31.1
AHCYL1	Approved symbol	AHCYL1	adenosylhomocysteinase like 1	HGNC:344	1p13.3
SLC26A6	Approved symbol	SLC26A6	solute carrier family 26 member 6	HGNC:14472	3p21.31
AQP8	Approved symbol	AQP8	aquaporin 8	HGNC:642	16p12.1
ITPR1	Approved symbol	ITPR1	inositol 1,4,5-trisphosphate receptor type 1	HGNC:6180	3p26.1
EDN1	Approved symbol	EDN1	endothelin 1	HGNC:3176	6p24.1
PKP1	Approved symbol	PKP1	plakophilin 1	HGNC:9023	1q32.1
LAMB3	Approved symbol	LAMB3	laminin subunit beta 3	HGNC:6490	1q32.2
LRG1	Approved symbol	LRG1	leucine rich alpha-2-glycoprotein 1	HGNC:29480	19p13.3
SH2B2	Approved symbol	SH2B2	SH2B adaptor protein 2	HGNC:17381	7q22.1
SLC2A4	Approved symbol	SLC2A4	solute carrier family 2 member 4	HGNC:11009	17p13.1
CEBPA	Approved symbol	CEBPA	CCAAT enhancer binding protein alpha	HGNC:1833	19q13.11
PEX11A	Approved symbol	PEX11A	peroxisomal biogenesis factor 11 alpha	HGNC:8852	15q26.1
ARL4A	Approved symbol	ARL4A	ARF like GTPase 4A	HGNC:695	7p21.3
SLC39A13	Approved symbol	SLC39A13	solute carrier family 39 member 13	HGNC:20859	11p11.2
ALDH6A1	Approved symbol	ALDH6A1	aldehyde dehydrogenase 6 family member A1	HGNC:7179	14q24.3
BNIP3	Approved symbol	BNIP3	BCL2 interacting protein 3	HGNC:1084	10q26.3
ERO1A	Approved symbol	ERO1A	endoplasmic reticulum oxidoreductase 1 alpha	HGNC:13280	14q22.1
MB	Approved symbol	MB	myoglobin	HGNC:6915	22q12.3
FABP3	Approved symbol	FABP3	fatty acid binding protein 3	HGNC:3557	1p35.2
ADIG	Approved symbol	ADIG	adipogenin	HGNC:28606	20q11.23
NUDT7	Approved symbol	NUDT7	nudix hydrolase 7	HGNC:8054	16q23.1
RGS2	Approved symbol	RGS2	regulator of G protein signaling 2	HGNC:9998	1q31.2
CYP4F2	Approved symbol	CYP4F2	cytochrome P450 family 4 subfamily F member 2	HGNC:2645	19p13.12
CYP4F12	Approved symbol	CYP4F12	cytochrome P450 family 4 subfamily F member 12	HGNC:18857	19p13.12
TTR	Approved symbol	TTR	transthyretin	HGNC:12405	18q12.1
HSD11B2	Approved symbol	HSD11B2	hydroxysteroid 11-beta dehydrogenase 2	HGNC:5209	16q22.1
CORO2B	Approved symbol	CORO2B	coronin 2B	HGNC:2256	15q23
EMP2	Approved symbol	EMP2	epithelial membrane protein 2	HGNC:3334	16p13.13
CYP11B2	Approved symbol	CYP11B2	cytochrome P450 family 11 subfamily B member 2	HGNC:2592	8q24.3
PTPRO	Approved symbol	PTPRO	protein tyrosine phosphatase receptor type O	HGNC:9678	12p12.3
GAS6	Approved symbol	GAS6	growth arrest specific 6	HGNC:4168	13q34
CYBA	Approved symbol	CYBA	cytochrome b-245 alpha chain	HGNC:2577	16q24.2
CYP4A11	Approved symbol	CYP4A11	cytochrome P450 family 4 subfamily A member 11	HGNC:2642	1p33
F2R	Approved symbol	F2R	coagulation factor II thrombin receptor	HGNC:3537	5q13.3
GJA5	Approved symbol	GJA5	gap junction protein alpha 5	HGNC:4279	1q21.2
PDGFB	Approved symbol	PDGFB	platelet derived growth factor subunit B	HGNC:8800	22q13.1
F2RL1	Approved symbol	F2RL1	F2R like trypsin receptor 1	HGNC:3538	5q13.3
GP9	Approved symbol	GP9	glycoprotein IX platelet	HGNC:4444	3q21.3
GPI	Approved symbol	GPI	glucose-6-phosphate isomerase	HGNC:4458	19q13.11
METAP1	Approved symbol	METAP1	methionyl aminopeptidase 1	HGNC:15789	4q23
OPRK1	Approved symbol	OPRK1	opioid receptor kappa 1	HGNC:8154	8q11.23
FERMT3	Approved symbol	FERMT3	FERM domain containing kindlin 3	HGNC:23151	11q13.1
PLCG2	Approved symbol	PLCG2	phospholipase C gamma 2	HGNC:9066	16q24.1
NPPB	Approved symbol	NPPB	natriuretic peptide B	HGNC:7940	1p36.22
PRKCD	Approved symbol	PRKCD	protein kinase C delta	HGNC:9399	3p21.1
FBLN1	Approved symbol	FBLN1	fibulin 1	HGNC:3600	22q13.31
KCNN4	Approved symbol	KCNN4	potassium calcium-activated channel subfamily N member 4	HGNC:6293	19q13.31
ACTG1	Approved symbol	ACTG1	actin gamma 1	HGNC:144	17q25.3
SHH	Approved symbol	SHH	sonic hedgehog signaling molecule	HGNC:10848	7q36.3
SLC22A2	Approved symbol	SLC22A2	solute carrier family 22 member 2	HGNC:10966	6q25.3
VTN	Approved symbol	VTN	vitronectin	HGNC:12724	17q11.2
AP3B1	Approved symbol	AP3B1	adaptor related protein complex 3 subunit beta 1	HGNC:566	5q14.1
DCANP1	Approved symbol	DCANP1	dendritic cell associated nuclear protein 1	HGNC:24459	5q31.1
UBASH3B	Approved symbol	UBASH3B	ubiquitin associated and SH3 domain containing B	HGNC:29884	11q24.1
HAS2	Approved symbol	HAS2	hyaluronan synthase 2	HGNC:4819	8q24.13
VAMP2	Approved symbol	VAMP2	vesicle associated membrane protein 2	HGNC:12643	17p13.1
NCOA1	Approved symbol	NCOA1	nuclear receptor coactivator 1	HGNC:7668	2p23.3
CELSR2	Approved symbol	CELSR2	cadherin EGF LAG seven-pass G-type receptor 2	HGNC:3231	1p13.3
STAT5B	Approved symbol	STAT5B	signal transducer and activator of transcription 5B	HGNC:11367	17q21.2
JMJD1C	Approved symbol	JMJD1C	jumonji domain containing 1C	HGNC:12313	10q21.3
MED1	Approved symbol	MED1	mediator complex subunit 1	HGNC:9234	17q12
CSN3	Approved symbol	CSN3	casein kappa	HGNC:2446	4q13.3
PDIA3	Approved symbol	PDIA3	protein disulfide isomerase family A member 3	HGNC:4606	15q15.3
MUC2	Approved symbol	MUC2	mucin 2, oligomeric mucus/gel-forming	HGNC:7512	11p15.5
GHRHR	Approved symbol	GHRHR	growth hormone releasing hormone receptor	HGNC:4266	7p14.3
CDO1	Approved symbol	CDO1	cysteine dioxygenase type 1	HGNC:1795	5q22.3
GP5	Approved symbol	GP5	glycoprotein V platelet	HGNC:4443	3q29
HYAL2	Approved symbol	HYAL2	hyaluronidase 2	HGNC:5321	3p21.31
FAP	Approved symbol	FAP	fibroblast activation protein alpha	HGNC:3590	2q24.2
MERTK	Approved symbol	MERTK	MER proto-oncogene, tyrosine kinase	HGNC:7027	2q13
FGB	Approved symbol	FGB	fibrinogen beta chain	HGNC:3662	4q31.3
APOE	Approved symbol	APOE	apolipoprotein E	HGNC:613	19q13.32
ACTN1	Approved symbol	ACTN1	actinin alpha 1	HGNC:163	14q24.1
DDR1	Approved symbol	DDR1	discoidin domain receptor tyrosine kinase 1	HGNC:2730	6p21.33
INPP5K	Approved symbol	INPP5K	inositol polyphosphate-5-phosphatase K	HGNC:33882	17p13.3
OAS2	Approved symbol	OAS2	2''-5''-oligoadenylate synthetase 2	HGNC:8087	12q24.13
SLC6A3	Approved symbol	SLC6A3	solute carrier family 6 member 3	HGNC:11049	5p15.33
CEL	Approved symbol	CEL	carboxyl ester lipase	HGNC:1848	9q34.13
STATH	Approved symbol	STATH	statherin	HGNC:11369	4q13.3
PRRG3	Approved symbol	PRRG3	proline rich and Gla domain 3	HGNC:30798	Xq28
PRRG4	Approved symbol	PRRG4	proline rich and Gla domain 4	HGNC:30799	11p13
WNK3	Approved symbol	WNK3	WNK lysine deficient protein kinase 3	HGNC:14543	Xp11.22
FGL1	Approved symbol	FGL1	fibrinogen like 1	HGNC:3695	8p22
EMILIN2	Approved symbol	EMILIN2	elastin microfibril interfacer 2	HGNC:19881	18p11.32-p11.31
ANGPTL4	Approved symbol	ANGPTL4	angiopoietin like 4	HGNC:16039	19p13.2
FLI1	Approved symbol	FLI1	Fli-1 proto-oncogene, ETS transcription factor	HGNC:3749	11q24.3
PPP3CA	Approved symbol	PPP3CA	protein phosphatase 3 catalytic subunit alpha	HGNC:9314	4q24
COL3A1	Approved symbol	COL3A1	collagen type III alpha 1 chain	HGNC:2201	2q32.2
AQP3	Approved symbol	AQP3	aquaporin 3 (Gill blood group)	HGNC:636	9p13.3
NKX2-3	Approved symbol	NKX2-3	NK2 homeobox 3	HGNC:7836	10q24.2
VCL	Approved symbol	VCL	vinculin	HGNC:12665	10q22.2
STXBP3	Approved symbol	STXBP3	syntaxin binding protein 3	HGNC:11446	1p13.3
ADAMTS18	Approved symbol	ADAMTS18	ADAM metallopeptidase with thrombospondin type 1 motif 18	HGNC:17110	16q23.1
PF4	Approved symbol	PF4	platelet factor 4	HGNC:8861	4q13.3
VAMP8	Approved symbol	VAMP8	vesicle associated membrane protein 8	HGNC:12647	2p11.2
CD40LG	Approved symbol	CD40LG	CD40 ligand	HGNC:11935	Xq26.3
APOH	Approved symbol	APOH	apolipoprotein H	HGNC:616	17q24.2
SRC	Approved symbol	SRC	SRC proto-oncogene, non-receptor tyrosine kinase	HGNC:11283	20q11.23
SCUBE1	Approved symbol	SCUBE1	signal peptide, CUB domain and EGF like domain containing 1	HGNC:13441	22q13.2
NPR1	Approved symbol	NPR1	natriuretic peptide receptor 1	HGNC:7943	1q21.3
SOCS2	Approved symbol	SOCS2	suppressor of cytokine signaling 2	HGNC:19382	12q22
GNAQ	Approved symbol	GNAQ	G protein subunit alpha q	HGNC:4390	9q21.2
DGKA	Approved symbol	DGKA	diacylglycerol kinase alpha	HGNC:2849	12q13.2
MYL12A	Approved symbol	MYL12A	myosin light chain 12A	HGNC:16701	18p11.31
PRKACB	Approved symbol	PRKACB	protein kinase cAMP-activated catalytic subunit beta	HGNC:9381	1p31.1
GP1BB	Approved symbol	GP1BB	glycoprotein Ib platelet subunit beta	HGNC:4440	22q11.21
PROZ	Approved symbol	PROZ	protein Z, vitamin K dependent plasma glycoprotein	HGNC:9460	13q34
FZD6	Approved symbol	FZD6	frizzled class receptor 6	HGNC:4044	8q22.3
VKORC1	Approved symbol	VKORC1	vitamin K epoxide reductase complex subunit 1	HGNC:23663	16p11.2
ENTPD1	Approved symbol	ENTPD1	ectonucleoside triphosphate diphosphohydrolase 1	HGNC:3363	10q24.1
TIFAB	Approved symbol	TIFAB	TIFA inhibitor	HGNC:34024	5q31.1
ERBB4	Approved symbol	ERBB4	erb-b2 receptor tyrosine kinase 4	HGNC:3432	2q34
CLIC1	Approved symbol	CLIC1	chloride intracellular channel 1	HGNC:2062	6p21.33
F2RL2	Approved symbol	F2RL2	coagulation factor II thrombin receptor like 2	HGNC:3539	5q13.3
FLNA	Approved symbol	FLNA	filamin A	HGNC:3754	Xq28
NEUROG1	Approved symbol	NEUROG1	neurogenin 1	HGNC:7764	5q31.1
AQP5	Approved symbol	AQP5	aquaporin 5	HGNC:638	12q13.12
PABPC4	Approved symbol	PABPC4	poly(A) binding protein cytoplasmic 4	HGNC:8557	1p34.3
SCT	Approved symbol	SCT	secretin	HGNC:10607	11p15.5
CTSG	Approved symbol	CTSG	cathepsin G	HGNC:2532	14q12
USF2	Approved symbol	USF2	upstream transcription factor 2, c-fos interacting	HGNC:12594	19q13.12
VAMP3	Approved symbol	VAMP3	vesicle associated membrane protein 3	HGNC:12644	1p36.23
PRKG1	Approved symbol	PRKG1	protein kinase cGMP-dependent 1	HGNC:9414	10q11.23-q21.1
SLC29A1	Approved symbol	SLC29A1	solute carrier family 29 member 1 (Augustine blood group)	HGNC:11003	6p21.1
LCK	Approved symbol	LCK	LCK proto-oncogene, Src family tyrosine kinase	HGNC:6524	1p35.2
COPA	Approved symbol	COPA	coat protein complex I subunit alpha	HGNC:2230	1q23.2
PROC	Approved symbol	PROC	protein C, inactivator of coagulation factors Va and VIIIa	HGNC:9451	2q14.3
RAB27A	Approved symbol	RAB27A	RAB27A, member RAS oncogene family	HGNC:9766	15q21.3
DGKZ	Approved symbol	DGKZ	diacylglycerol kinase zeta	HGNC:2857	11p11.2
ITPK1	Approved symbol	ITPK1	inositol-tetrakisphosphate 1-kinase	HGNC:6177	14q32.12
VWF	Approved symbol	VWF	von Willebrand factor	HGNC:12726	12p13.31
KRT1	Approved symbol	KRT1	keratin 1	HGNC:6412	12q13.13
AQP6	Approved symbol	AQP6	aquaporin 6	HGNC:639	12q13.12
MTX1	Approved symbol	MTX1	metaxin 1	HGNC:7504	1q22
ADAMTS13	Approved symbol	ADAMTS13	ADAM metallopeptidase with thrombospondin type 1 motif 13	HGNC:1366	9q34.2
TSPAN32	Approved symbol	TSPAN32	tetraspanin 32	HGNC:13410	11p15.5
WNT3A	Approved symbol	WNT3A	Wnt family member 3A	HGNC:15983	1q42.13
PDIA2	Approved symbol	PDIA2	protein disulfide isomerase family A member 2	HGNC:14180	16p13.3
GPAT4	Approved symbol	GPAT4	glycerol-3-phosphate acyltransferase 4	HGNC:20880	8p11.21
MYL9	Approved symbol	MYL9	myosin light chain 9	HGNC:15754	20q11.23
HTR4	Approved symbol	HTR4	5-hydroxytryptamine receptor 4	HGNC:5299	5q32
FGF10	Approved symbol	FGF10	fibroblast growth factor 10	HGNC:3666	5p12
RAP2B	Approved symbol	RAP2B	RAP2B, member of RAS oncogene family	HGNC:9862	3q25.2
HRG	Approved symbol	HRG	histidine rich glycoprotein	HGNC:5181	3q27.3
TP73	Approved symbol	TP73	tumor protein p73	HGNC:12003	1p36.32
ILK	Approved symbol	ILK	integrin linked kinase	HGNC:6040	11p15.4
PLSCR1	Approved symbol	PLSCR1	phospholipid scramblase 1	HGNC:9092	3q24
TSPAN18	Approved symbol	TSPAN18	tetraspanin 18	HGNC:20660	11p11.2
MMRN1	Approved symbol	MMRN1	multimerin 1	HGNC:7178	4q22.1
ANGPT2	Approved symbol	ANGPT2	angiopoietin 2	HGNC:485	8p23.1
LACRT	Approved symbol	LACRT	lacritin	HGNC:16430	12q13.2
CCND1	Approved symbol	CCND1	cyclin D1	HGNC:1582	11q13.3
F2RL3	Approved symbol	F2RL3	F2R like thrombin or trypsin receptor 3	HGNC:3540	19p13.11
FN1	Approved symbol	FN1	fibronectin 1	HGNC:3778	2q35
MYH9	Approved symbol	MYH9	myosin heavy chain 9	HGNC:7579	22q12.3
ADORA2A	Approved symbol	ADORA2A	adenosine A2a receptor	HGNC:263	22q11.23
TSPAN9	Approved symbol	TSPAN9	tetraspanin 9	HGNC:21640	12p13.33-p13.32
DGKI	Approved symbol	DGKI	diacylglycerol kinase iota	HGNC:2855	7q33
PLAUR	Approved symbol	PLAUR	plasminogen activator, urokinase receptor	HGNC:9053	19q13
UMOD	Approved symbol	UMOD	uromodulin	HGNC:12559	16p12.3
PRRG1	Approved symbol	PRRG1	proline rich and Gla domain 1	HGNC:9469	Xp21.1
PRRG2	Approved symbol	PRRG2	proline rich and Gla domain 2	HGNC:9470	19q13.33
SH2B3	Approved symbol	SH2B3	SH2B adaptor protein 3	HGNC:29605	12q24.12
HPS5	Approved symbol	HPS5	HPS5 biogenesis of lysosomal organelles complex 2 subunit 2	HGNC:17022	11p15.1
SLC7A11	Approved symbol	SLC7A11	solute carrier family 7 member 11	HGNC:11059	4q28.3
TPH1	Approved symbol	TPH1	tryptophan hydroxylase 1	HGNC:12008	11p15.1
TUBB1	Approved symbol	TUBB1	tubulin beta 1 class VI	HGNC:16257	20q13.32
WNK1	Approved symbol	WNK1	WNK lysine deficient protein kinase 1	HGNC:14540	12p13.33
PLAT	Approved symbol	PLAT	plasminogen activator, tissue type	HGNC:9051	8p11.21
PLAU	Approved symbol	PLAU	plasminogen activator, urokinase	HGNC:9052	10q22.2
F12	Approved symbol	F12	coagulation factor XII	HGNC:3530	5q35.3
PLG	Approved symbol	PLG	plasminogen	HGNC:9071	6q26
F10	Approved symbol	F10	coagulation factor X	HGNC:3528	13q34
F9	Approved symbol	F9	coagulation factor IX	HGNC:3551	Xq27.1
F2	Approved symbol	F2	coagulation factor II, thrombin	HGNC:3535	11p11.2
BPIFA1	Approved symbol	BPIFA1	BPI fold containing family A member 1	HGNC:15749	20q11.21
MYO5B	Approved symbol	MYO5B	myosin VB	HGNC:7603	18q21.1
TMX1	Approved symbol	TMX1	thioredoxin related transmembrane protein 1	HGNC:15487	14q22.1
ADTRP	Approved symbol	ADTRP	androgen dependent TFPI regulating protein	HGNC:21214	6p24.1
HEG1	Approved symbol	HEG1	heart development protein with EGF like domains 1	HGNC:29227	3q21.2
CPB2	Approved symbol	CPB2	carboxypeptidase B2	HGNC:2300	13q14.13
WNK4	Approved symbol	WNK4	WNK lysine deficient protein kinase 4	HGNC:14544	17q21.2
TYRO3	Approved symbol	TYRO3	TYRO3 protein tyrosine kinase	HGNC:12446	15q15.1
PRICKLE1	Approved symbol	PRICKLE1	prickle planar cell polarity protein 1	HGNC:17019	12q12
PROCR	Approved symbol	PROCR	protein C receptor	HGNC:9452	20q11.22
XBP1	Approved symbol	XBP1	X-box binding protein 1	HGNC:12801	22q12.1
HPS4	Approved symbol	HPS4	HPS4 biogenesis of lysosomal organelles complex 3 subunit 2	HGNC:15844	22q12.1
TRPV5	Approved symbol	TRPV5	transient receptor potential cation channel subfamily V member 5	HGNC:3145	7q34
P2RY2	Approved symbol	P2RY2	purinergic receptor P2Y2	HGNC:8541	11q13.4
ZNF385A	Approved symbol	ZNF385A	zinc finger protein 385A	HGNC:17521	12q13.13
BLOC1S4	Approved symbol	BLOC1S4	biogenesis of lysosomal organelles complex 1 subunit 4	HGNC:24206	4p16.1
PAFAH2	Approved symbol	PAFAH2	platelet activating factor acetylhydrolase 2	HGNC:8579	1p36.11
VIP	Approved symbol	VIP	vasoactive intestinal peptide	HGNC:12693	6q25.2
GNA12	Approved symbol	GNA12	G protein subunit alpha 12	HGNC:4380	7p22.3-p22.2
EMILIN1	Approved symbol	EMILIN1	elastin microfibril interfacer 1	HGNC:19880	2p23.3
BLOC1S3	Approved symbol	BLOC1S3	biogenesis of lysosomal organelles complex 1 subunit 3	HGNC:20914	19q13.32
UPRT	Approved symbol	UPRT	uracil phosphoribosyltransferase homolog	HGNC:28334	Xq13.3
TLN1	Approved symbol	TLN1	talin 1	HGNC:11845	9p13.3
C4BPB	Approved symbol	C4BPB	complement component 4 binding protein beta	HGNC:1328	1q32.1
AGR2	Approved symbol	AGR2	anterior gradient 2, protein disulphide isomerase family member	HGNC:328	7p21.1
MPIG6B	Approved symbol	MPIG6B	megakaryocyte and platelet inhibitory receptor G6b	HGNC:13937	6p21.33
NCOR2	Approved symbol	NCOR2	nuclear receptor corepressor 2	HGNC:7673	12q24.31
ENTPD2	Approved symbol	ENTPD2	ectonucleoside triphosphate diphosphohydrolase 2	HGNC:3364	9q34.3
ANGPT4	Approved symbol	ANGPT4	angiopoietin 4	HGNC:487	20p13
FOXA2	Approved symbol	FOXA2	forkhead box A2	HGNC:5022	20p11.21
HPSE	Approved symbol	HPSE	heparanase	HGNC:5164	4q21.23
ANGPTL6	Approved symbol	ANGPTL6	angiopoietin like 6	HGNC:23140	19p13.2
F13A1	Approved symbol	F13A1	coagulation factor XIII A chain	HGNC:3531	6p25.1
SLC4A5	Approved symbol	SLC4A5	solute carrier family 4 member 5	HGNC:18168	2p13.1
CHRM3	Approved symbol	CHRM3	cholinergic receptor muscarinic 3	HGNC:1952	1q43
AXL	Approved symbol	AXL	AXL receptor tyrosine kinase	HGNC:905	19q13.2
PROS1	Approved symbol	PROS1	protein S	HGNC:9456	3q11.1
SCNN1A	Approved symbol	SCNN1A	sodium channel epithelial 1 subunit alpha	HGNC:10599	12p13.31
STK39	Approved symbol	STK39	serine/threonine kinase 39	HGNC:17717	2q24.3
PTPN6	Approved symbol	PTPN6	protein tyrosine phosphatase non-receptor type 6	HGNC:9658	12p13.31
PRKACG	Approved symbol	PRKACG	protein kinase cAMP-activated catalytic subunit gamma	HGNC:9382	9q21.11
EPHB2	Approved symbol	EPHB2	EPH receptor B2	HGNC:3393	1p36.12
LNPK	Approved symbol	LNPK	lunapark, ER junction formation factor	HGNC:21610	2q31.1
TSPAN8	Approved symbol	TSPAN8	tetraspanin 8	HGNC:11855	12q21.1
COMP	Approved symbol	COMP	cartilage oligomeric matrix protein	HGNC:2227	19p13.11
ST3GAL4	Approved symbol	ST3GAL4	ST3 beta-galactoside alpha-2,3-sialyltransferase 4	HGNC:10864	11q24.2
DGKG	Approved symbol	DGKG	diacylglycerol kinase gamma	HGNC:2853	3q27.2-q27.3
PEAR1	Approved symbol	PEAR1	platelet endothelial aggregation receptor 1	HGNC:33631	1q23.1
TRAF3IP2	Approved symbol	TRAF3IP2	TRAF3 interacting protein 2	HGNC:1343	6q21
F5	Approved symbol	F5	coagulation factor V	HGNC:3542	1q24.2
ANGPTL1	Approved symbol	ANGPTL1	angiopoietin like 1	HGNC:489	1q25.2
ALOX12B	Approved symbol	ALOX12B	arachidonate 12-lipoxygenase, 12R type	HGNC:430	17p13.1
SERPINE2	Approved symbol	SERPINE2	serpin family E member 2	HGNC:8951	2q36.1
AVPR2	Approved symbol	AVPR2	arginine vasopressin receptor 2	HGNC:897	Xq28
SLC22A4	Approved symbol	SLC22A4	solute carrier family 22 member 4	HGNC:10968	5q31.1
TREML1	Approved symbol	TREML1	triggering receptor expressed on myeloid cells like 1	HGNC:20434	6p21.1
AKAP11	Approved symbol	AKAP11	A-kinase anchoring protein 11	HGNC:369	13q14.11
ATG5	Approved symbol	ATG5	autophagy related 5	HGNC:589	6q21
P2RY12	Approved symbol	P2RY12	purinergic receptor P2Y12	HGNC:18124	3q25.1
CAD	Approved symbol	CAD	carbamoyl-phosphate synthetase 2, aspartate transcarbamylase, and dihydroorotase	HGNC:1424	2p23.3
SERPINA10	Approved symbol	SERPINA10	serpin family A member 10	HGNC:15996	14q32.13
THBD	Approved symbol	THBD	thrombomodulin	HGNC:11784	20p11.21
SAA1	Approved symbol	SAA1	serum amyloid A1	HGNC:10513	11p15.1
C1GALT1C1	Approved symbol	C1GALT1C1	C1GALT1 specific chaperone 1	HGNC:24338	Xq24
XDH	Approved symbol	XDH	xanthine dehydrogenase	HGNC:12805	2p23.1
NFE2L2	Approved symbol	NFE2L2	NFE2 like bZIP transcription factor 2	HGNC:7782	2q31.2
P2RY1	Approved symbol	P2RY1	purinergic receptor P2Y1	HGNC:8539	3q25.2
ENPP4	Approved symbol	ENPP4	ectonucleotide pyrophosphatase/phosphodiesterase 4	HGNC:3359	6p21.1
DGKB	Approved symbol	DGKB	diacylglycerol kinase beta	HGNC:2850	7p21.2
GUCA2B	Approved symbol	GUCA2B	guanylate cyclase activator 2B	HGNC:4683	1p34.2
GP1BA	Approved symbol	GP1BA	glycoprotein Ib platelet subunit alpha	HGNC:4439	17p13.2
NFE2	Approved symbol	NFE2	nuclear factor, erythroid 2	HGNC:7780	12q13.13
VAV3	Approved symbol	VAV3	vav guanine nucleotide exchange factor 3	HGNC:12659	1p13.3
ANGPTL2	Approved symbol	ANGPTL2	angiopoietin like 2	HGNC:490	9q33.3
BLOC1S6	Approved symbol	BLOC1S6	biogenesis of lysosomal organelles complex 1 subunit 6	HGNC:8549	15q21.1
F8	Approved symbol	F8	coagulation factor VIII	HGNC:3546	Xq28
MT-CO2	Approved symbol	MT-CO2	mitochondrially encoded cytochrome c oxidase II	HGNC:7421	mitochondria
TFPI	Approved symbol	TFPI	tissue factor pathway inhibitor	HGNC:11760	2q32.1
AK3	Approved symbol	AK3	adenylate kinase 3	HGNC:17376	9p24.1
GUCA1B	Approved symbol	GUCA1B	guanylate cyclase activator 1B	HGNC:4679	6p21.1
STXBP1	Approved symbol	STXBP1	syntaxin binding protein 1	HGNC:11444	9q34.11
PDPN	Approved symbol	PDPN	podoplanin	HGNC:29602	1p36.21
PDSS2	Approved symbol	PDSS2	decaprenyl diphosphate synthase subunit 2	HGNC:23041	6q21
ANGPTL7	Approved symbol	ANGPTL7	angiopoietin like 7	HGNC:24078	1p36.22
GNA13	Approved symbol	GNA13	G protein subunit alpha 13	HGNC:4381	17q24.1
DTNBP1	Approved symbol	DTNBP1	dystrobrevin binding protein 1	HGNC:17328	6p22.3
PRKCE	Approved symbol	PRKCE	protein kinase C epsilon	HGNC:9401	2p21
SLC4A9	Approved symbol	SLC4A9	solute carrier family 4 member 9	HGNC:11035	5q31.3
PRSS56	Approved symbol	PRSS56	serine protease 56	HGNC:39433	2q37.1
ADA	Approved symbol	ADA	adenosine deaminase	HGNC:186	20q13.12
CD59	Approved symbol	CD59	CD59 molecule (CD59 blood group)	HGNC:1689	11p13
ANXA8	Approved symbol	ANXA8	annexin A8	HGNC:546	10q11.22
DGKD	Approved symbol	DGKD	diacylglycerol kinase delta	HGNC:2851	2q37.1
ACTB	Approved symbol	ACTB	actin beta	HGNC:132	7p22.1
PTPRJ	Approved symbol	PTPRJ	protein tyrosine phosphatase receptor type J	HGNC:9673	11p11.2
CEACAM1	Approved symbol	CEACAM1	CEA cell adhesion molecule 1	HGNC:1814	19q13.2
KLKB1	Approved symbol	KLKB1	kallikrein B1	HGNC:6371	4q35.2
F11	Approved symbol	F11	coagulation factor XI	HGNC:3529	4q35.2
ANXA2	Approved symbol	ANXA2	annexin A2	HGNC:537	15q22.2
EXT2	Approved symbol	EXT2	exostosin glycosyltransferase 2	HGNC:3513	11p11.2
F3	Approved symbol	F3	coagulation factor III, tissue factor	HGNC:3541	1p21.3
SERPINA1	Approved symbol	SERPINA1	serpin family A member 1	HGNC:8941	14q32.13
SERPINC1	Approved symbol	SERPINC1	serpin family C member 1	HGNC:775	1q25.1
ITGA2	Approved symbol	ITGA2	integrin subunit alpha 2	HGNC:6137	5q11.2
SCNN1G	Approved symbol	SCNN1G	sodium channel epithelial 1 subunit gamma	HGNC:10602	16p12.2
PDGFRA	Approved symbol	PDGFRA	platelet derived growth factor receptor alpha	HGNC:8803	4q12
PPARA	Approved symbol	PPARA	peroxisome proliferator activated receptor alpha	HGNC:9232	22q13.31
ANXA5	Approved symbol	ANXA5	annexin A5	HGNC:543	4q27
F7	Approved symbol	F7	coagulation factor VII	HGNC:3544	13q34
BTC	Approved symbol	BTC	betacellulin	HGNC:1121	4q13.3
SERPINF2	Approved symbol	SERPINF2	serpin family F member 2	HGNC:9075	17p13.3
APLNR	Approved symbol	APLNR	apelin receptor	HGNC:339	11q12.1
ADM	Approved symbol	ADM	adrenomedullin	HGNC:259	11p15.4
FGA	Approved symbol	FGA	fibrinogen alpha chain	HGNC:3661	4q31.3
FGG	Approved symbol	FGG	fibrinogen gamma chain	HGNC:3694	4q32.1
ADRA2C	Approved symbol	ADRA2C	adrenoceptor alpha 2C	HGNC:283	4p16.3
PLEK	Approved symbol	PLEK	pleckstrin	HGNC:9070	2p14
SLC4A1	Approved symbol	SLC4A1	solute carrier family 4 member 1 (Diego blood group)	HGNC:11027	17q21.31
MLLT6	Approved symbol	MLLT6	MLLT6, PHD finger containing	HGNC:7138	17q12
SRF	Approved symbol	SRF	serum response factor	HGNC:11291	6p21.1
TBXA2R	Approved symbol	TBXA2R	thromboxane A2 receptor	HGNC:11608	19p13.3
PRL	Approved symbol	PRL	prolactin	HGNC:9445	6p22.3
VDR	Approved symbol	VDR	vitamin D receptor	HGNC:12679	12q13.11
AVP	Approved symbol	AVP	arginine vasopressin	HGNC:894	20p13
ABCB1	Approved symbol	ABCB1	ATP binding cassette subfamily B member 1	HGNC:40	7q21.12
CD9	Approved symbol	CD9	CD9 molecule	HGNC:1709	12p13.31
DGKK	Approved symbol	DGKK	diacylglycerol kinase kappa	HGNC:32395	Xp11.22
C1QTNF1	Approved symbol	C1QTNF1	C1q and TNF related 1	HGNC:14324	17q25.3
NEGR1	Approved symbol	NEGR1	neuronal growth regulator 1	HGNC:17302	1p31.1
CHRM1	Approved symbol	CHRM1	cholinergic receptor muscarinic 1	HGNC:1950	11q12.3
GGCX	Approved symbol	GGCX	gamma-glutamyl carboxylase	HGNC:4247	2p11.2
SLC6A4	Approved symbol	SLC6A4	solute carrier family 6 member 4	HGNC:11050	17q11.2
ATP7B	Approved symbol	ATP7B	ATPase copper transporting beta	HGNC:870	13q14.3
USF1	Approved symbol	USF1	upstream transcription factor 1	HGNC:12593	1q23.3
AKR1B1	Approved symbol	AKR1B1	aldo-keto reductase family 1 member B	HGNC:381	7q33
ADRA2B	Approved symbol	ADRA2B	adrenoceptor alpha 2B	HGNC:282	2q11.2
ALOX12	Approved symbol	ALOX12	arachidonate 12-lipoxygenase, 12S type	HGNC:429	17p13.1
ANO6	Approved symbol	ANO6	anoctamin 6	HGNC:25240	12q12
NEURL1	Approved symbol	NEURL1	neuralized E3 ubiquitin protein ligase 1	HGNC:7761	10q24.33
WFS1	Approved symbol	WFS1	wolframin ER transmembrane glycoprotein	HGNC:12762	4p16.1
KNG1	Approved symbol	KNG1	kininogen 1	HGNC:6383	3q27.3
PIK3CG	Approved symbol	PIK3CG	phosphatidylinositol-4,5-bisphosphate 3-kinase catalytic subunit gamma	HGNC:8978	7q22.3
AQP4	Approved symbol	AQP4	aquaporin 4	HGNC:637	18q11.2
VAV1	Approved symbol	VAV1	vav guanine nucleotide exchange factor 1	HGNC:12657	19p13.3
FOSL2	Approved symbol	FOSL2	FOS like 2, AP-1 transcription factor subunit	HGNC:3798	2p23.2
F13B	Approved symbol	F13B	coagulation factor XIII B chain	HGNC:3534	1q31.3
SERPING1	Approved symbol	SERPING1	serpin family G member 1	HGNC:1228	11q12.1
SERPINE1	Approved symbol	SERPINE1	serpin family E member 1	HGNC:8583	7q22.1
SERPINB2	Approved symbol	SERPINB2	serpin family B member 2	HGNC:8584	18q21.33-q22.1
ITGB3	Approved symbol	ITGB3	integrin subunit beta 3	HGNC:6156	17q21.32
ATP6V1B1	Approved symbol	ATP6V1B1	ATPase H+ transporting V1 subunit B1	HGNC:853	2p13.3
PPIA	Approved symbol	PPIA	peptidylprolyl isomerase A	HGNC:9253	7p13
CSN2	Approved symbol	CSN2	casein beta	HGNC:2447	4q13.3
PRDX2	Approved symbol	PRDX2	peroxiredoxin 2	HGNC:9353	19p13.13
ADCY6	Approved symbol	ADCY6	adenylate cyclase 6	HGNC:237	12q13.12
PIK3CB	Approved symbol	PIK3CB	phosphatidylinositol-4,5-bisphosphate 3-kinase catalytic subunit beta	HGNC:8976	3q22.3
PIK3CA	Approved symbol	PIK3CA	phosphatidylinositol-4,5-bisphosphate 3-kinase catalytic subunit alpha	HGNC:8975	3q26.32
PDGFA	Approved symbol	PDGFA	platelet derived growth factor subunit A	HGNC:8799	7p22.3
CD40	Approved symbol	CD40	CD40 molecule	HGNC:11919	20q13.12
RASA3	Approved symbol	RASA3	RAS p21 protein activator 3	HGNC:20331	13q34
HK2	Approved symbol	HK2	hexokinase 2	HGNC:4923	2p12
STAT5A	Approved symbol	STAT5A	signal transducer and activator of transcription 5A	HGNC:11366	17q21.2
DGKE	Approved symbol	DGKE	diacylglycerol kinase epsilon	HGNC:2852	17q22
SERPIND1	Approved symbol	SERPIND1	serpin family D member 1	HGNC:4838	22q11.21
NLRP6	Approved symbol	NLRP6	NLR family pyrin domain containing 6	HGNC:22944	11p15.5
NME1	Approved symbol	NME1	NME/NM23 nucleoside diphosphate kinase 1	HGNC:7849	17q21.33
LMAN1	Approved symbol	LMAN1	lectin, mannose binding 1	HGNC:6631	18q21.32
ITPR3	Approved symbol	ITPR3	inositol 1,4,5-trisphosphate receptor type 3	HGNC:6182	6p21.31
IL6	Approved symbol	IL6	interleukin 6	HGNC:6018	7p15.3
DGKQ	Approved symbol	DGKQ	diacylglycerol kinase theta	HGNC:2856	4p16.3
VAV2	Approved symbol	VAV2	vav guanine nucleotide exchange factor 2	HGNC:12658	9q34.2
FIBP	Approved symbol	FIBP	FGF1 intracellular binding protein	HGNC:3705	11q13.1
GATA1	Approved symbol	GATA1	GATA binding protein 1	HGNC:4170	Xp11.23
HGFAC	Approved symbol	HGFAC	HGF activator	HGNC:4894	4p16.3
WAS	Approved symbol	WAS	WASP actin nucleation promoting factor	HGNC:12731	Xp11.23
CSRP1	Approved symbol	CSRP1	cysteine and glycine rich protein 1	HGNC:2469	1q32.1
ANGPT1	Approved symbol	ANGPT1	angiopoietin 1	HGNC:484	8q23.1
HBB	Approved symbol	HBB	hemoglobin subunit beta	HGNC:4827	11p15.4
TFPI2	Approved symbol	TFPI2	tissue factor pathway inhibitor 2	HGNC:11761	7q21.3
P2RX1	Approved symbol	P2RX1	purinergic receptor P2X 1	HGNC:8533	17p13.2
DGKH	Approved symbol	DGKH	diacylglycerol kinase eta	HGNC:2854	13q14.11
HNF4A	Approved symbol	HNF4A	hepatocyte nuclear factor 4 alpha	HGNC:5024	20q13.12
GP6	Approved symbol	GP6	glycoprotein VI platelet	HGNC:14388	19q13.42
GNAI2	Approved symbol	GNAI2	G protein subunit alpha i2	HGNC:4385	3p21.31
FOXB1	Approved symbol	FOXB1	forkhead box B1	HGNC:3799	15q22.2
HPS6	Approved symbol	HPS6	HPS6 biogenesis of lysosomal organelles complex 2 subunit 3	HGNC:18817	10q24.32
CYP4F11	Approved symbol	CYP4F11	cytochrome P450 family 4 subfamily F member 11	HGNC:13265	19p13.12
AQP2	Approved symbol	AQP2	aquaporin 2	HGNC:634	12q13.12
SLC12A5	Approved symbol	SLC12A5	solute carrier family 12 member 5	HGNC:13818	20q13.12
ADISSP	Approved symbol	ADISSP	adipose secreted signaling protein	HGNC:15873	20p13
SORL1	Approved symbol	SORL1	sortilin related receptor 1	HGNC:11185	11q24.1
PM20D1	Approved symbol	PM20D1	peptidase M20 domain containing 1	HGNC:26518	1q32.1
S100B	Approved symbol	S100B	S100 calcium binding protein B	HGNC:10500	21q22.3
SCTR	Approved symbol	SCTR	secretin receptor	HGNC:10608	2q14.2
CKB	Approved symbol	CKB	creatine kinase B	HGNC:1991	14q32.33
SLC25A4	Approved symbol	SLC25A4	solute carrier family 25 member 4	HGNC:10990	4q35.1
UCP3	Approved symbol	UCP3	uncoupling protein 3	HGNC:12519	11q13.4
BOLA3	Approved symbol	BOLA3	bolA family member 3	HGNC:24415	2p13.1
BMP8A	Approved symbol	BMP8A	bone morphogenetic protein 8a	HGNC:21650	1p34.3
LIPA	Approved symbol	LIPA	lipase A, lysosomal acid type	HGNC:6617	10q23.31
SLC25A5	Approved symbol	SLC25A5	solute carrier family 25 member 5	HGNC:10991	Xq24
THADA	Approved symbol	THADA	THADA armadillo repeat containing	HGNC:19217	2p21
NTRK1	Approved symbol	NTRK1	neurotrophic receptor tyrosine kinase 1	HGNC:8031	1q23.1
SCN9A	Approved symbol	SCN9A	sodium voltage-gated channel alpha subunit 9	HGNC:10597	2q24.3
LXN	Approved symbol	LXN	latexin	HGNC:13347	3q25.32
TAC4	Approved symbol	TAC4	tachykinin precursor 4	HGNC:16641	17q21.33
DISC1	Approved symbol	DISC1	DISC1 scaffold protein	HGNC:2888	1q42.2
EPHB1	Approved symbol	EPHB1	EPH receptor B1	HGNC:3392	3q22.2
BTBD9	Approved symbol	BTBD9	BTB domain containing 9	HGNC:21228	6p21.2
MMP24	Approved symbol	MMP24	matrix metallopeptidase 24	HGNC:7172	20q11.22
TAC1	Approved symbol	TAC1	tachykinin precursor 1	HGNC:11517	7q21.3
NR2F6	Approved symbol	NR2F6	nuclear receptor subfamily 2 group F member 6	HGNC:7977	19p13.11
PRDM12	Approved symbol	PRDM12	PR/SET domain 12	HGNC:13997	9q34.12
CXCL12	Approved symbol	CXCL12	C-X-C motif chemokine ligand 12	HGNC:10672	10q11.21
COMT	Approved symbol	COMT	catechol-O-methyltransferase	HGNC:2228	22q11.21
SCRN3	Approved symbol	SCRN3	secernin 3	HGNC:30382	2q31.1
PWWP2B	Approved symbol	PWWP2B	PWWP domain containing 2B	HGNC:25150	10q26.3
SLC25A44	Approved symbol	SLC25A44	solute carrier family 25 member 44	HGNC:29036	1q22
PTGES	Approved symbol	PTGES	prostaglandin E synthase	HGNC:9599	9q34.11
ANO3	Approved symbol	ANO3	anoctamin 3	HGNC:14004	11p14.2
NGFR	Approved symbol	NGFR	nerve growth factor receptor	HGNC:7809	17q21.33
DRGX	Approved symbol	DRGX	dorsal root ganglia homeobox	HGNC:21536	10q11.23
GMPR	Approved symbol	GMPR	guanosine monophosphate reductase	HGNC:4376	6p22.3
SLC9A1	Approved symbol	SLC9A1	solute carrier family 9 member A1	HGNC:11071	1p36.11
PLIN1	Approved symbol	PLIN1	perilipin 1	HGNC:9076	15q26.1
SAXO1	Approved symbol	SAXO1	stabilizer of axonemal microtubules 1	HGNC:28566	9p22.1
VGF	Approved symbol	VGF	VGF nerve growth factor inducible	HGNC:12684	7q22.1
TMEM135	Approved symbol	TMEM135	transmembrane protein 135	HGNC:26167	11q14.2
DNAJC3	Approved symbol	DNAJC3	DnaJ heat shock protein family (Hsp40) member C3	HGNC:9439	13q32.1
PRKAA1	Approved symbol	PRKAA1	protein kinase AMP-activated catalytic subunit alpha 1	HGNC:9376	5p13.1
CDH8	Approved symbol	CDH8	cadherin 8	HGNC:1767	16q21
RNF170	Approved symbol	RNF170	ring finger protein 170	HGNC:25358	8p11.21
ALDH18A1	Approved symbol	ALDH18A1	aldehyde dehydrogenase 18 family member A1	HGNC:9722	10q24.1
HMGCS2	Approved symbol	HMGCS2	3-hydroxy-3-methylglutaryl-CoA synthase 2	HGNC:5008	1p12
TRPV3	Approved symbol	TRPV3	transient receptor potential cation channel subfamily V member 3	HGNC:18084	17p13.2
SLC25A27	Approved symbol	SLC25A27	solute carrier family 25 member 27	HGNC:21065	6p12.3
PCSK1N	Approved symbol	PCSK1N	proprotein convertase subtilisin/kexin type 1 inhibitor	HGNC:17301	Xp11.23
RNF34	Approved symbol	RNF34	ring finger protein 34	HGNC:17297	12q24.31
GLRX2	Approved symbol	GLRX2	glutaredoxin 2	HGNC:16065	1q31.2
HSPD1	Approved symbol	HSPD1	heat shock protein family D (Hsp60) member 1	HGNC:5261	2q33.1
CIRBP	Approved symbol	CIRBP	cold inducible RNA binding protein	HGNC:1982	19p13.3
EIF2AK4	Approved symbol	EIF2AK4	eukaryotic translation initiation factor 2 alpha kinase 4	HGNC:19687	15q15.1
TOP1	Approved symbol	TOP1	DNA topoisomerase I	HGNC:11986	20q12
ACADM	Approved symbol	ACADM	acyl-CoA dehydrogenase medium chain	HGNC:89	1p31.1
NFE2L1	Approved symbol	NFE2L1	NFE2 like bZIP transcription factor 1	HGNC:7781	17q21.32
FGF16	Approved symbol	FGF16	fibroblast growth factor 16	HGNC:3672	Xq21.1
NFKBIA	Approved symbol	NFKBIA	NFKB inhibitor alpha	HGNC:7797	14q13.2
MME	Approved symbol	MME	membrane metalloendopeptidase	HGNC:7154	3q25.2
RYR1	Approved symbol	RYR1	ryanodine receptor 1	HGNC:10483	19q13.2
ASPH	Approved symbol	ASPH	aspartate beta-hydroxylase	HGNC:757	8q12.3
IL10	Approved symbol	IL10	interleukin 10	HGNC:5962	1q32.1
FOS	Approved symbol	FOS	Fos proto-oncogene, AP-1 transcription factor subunit	HGNC:3796	14q24.3
RELB	Approved symbol	RELB	RELB proto-oncogene, NF-kB subunit	HGNC:9956	19q13.32
JUN	Approved symbol	JUN	Jun proto-oncogene, AP-1 transcription factor subunit	HGNC:6204	1p32.1
NFKB1	Approved symbol	NFKB1	nuclear factor kappa B subunit 1	HGNC:7794	4q24
REL	Approved symbol	REL	REL proto-oncogene, NF-kB subunit	HGNC:9954	2p16.1
IL6R	Approved symbol	IL6R	interleukin 6 receptor	HGNC:6019	1q21.3
IL11RA	Approved symbol	IL11RA	interleukin 11 receptor subunit alpha	HGNC:5967	9p13.3
NFKB2	Approved symbol	NFKB2	nuclear factor kappa B subunit 2	HGNC:7795	10q24.32
RELA	Approved symbol	RELA	RELA proto-oncogene, NF-kB subunit	HGNC:9955	11q13.1
ABCC8	Approved symbol	ABCC8	ATP binding cassette subfamily C member 8	HGNC:59	11p15.1
KL	Approved symbol	KL	klotho	HGNC:6344	13q13.1
ACE	Approved symbol	ACE	angiotensin I converting enzyme	HGNC:2707	17q23.3
MMP9	Approved symbol	MMP9	matrix metallopeptidase 9	HGNC:7176	20q13.12
MMP2	Approved symbol	MMP2	matrix metallopeptidase 2	HGNC:7166	16q12.2
MTHFR	Approved symbol	MTHFR	methylenetetrahydrofolate reductase	HGNC:7436	1p36.22
NTRK2	Approved symbol	NTRK2	neurotrophic receptor tyrosine kinase 2	HGNC:8032	9q21.33
PRKCH	Approved symbol	PRKCH	protein kinase C eta	HGNC:9403	14q23.1
GPX3	Approved symbol	GPX3	glutathione peroxidase 3	HGNC:4555	5q33.1
PARK7	Approved symbol	PARK7	Parkinsonism associated deglycase	HGNC:16369	1p36.23
APOA5	Approved symbol	APOA5	apolipoprotein A5	HGNC:17288	11q23.3
LTA	Approved symbol	LTA	lymphotoxin alpha	HGNC:6709	6p21.33
PON1	Approved symbol	PON1	paraoxonase 1	HGNC:9204	7q21.3
PTGIS	Approved symbol	PTGIS	prostaglandin I2 synthase	HGNC:9603	20q13.13
CBS	Approved symbol	CBS	cystathionine beta-synthase	HGNC:1550	21q22.3
ALOX5AP	Approved symbol	ALOX5AP	arachidonate 5-lipoxygenase activating protein	HGNC:436	13q12.3
GRIN1	Approved symbol	GRIN1	glutamate ionotropic receptor NMDA type subunit 1	HGNC:4584	9q34.3
NPY	Approved symbol	NPY	neuropeptide Y	HGNC:7955	7p15.3
TBXAS1	Approved symbol	TBXAS1	thromboxane A synthase 1	HGNC:11609	7q34
ITGA9	Approved symbol	ITGA9	integrin subunit alpha 9	HGNC:6145	3p22.2
PON2	Approved symbol	PON2	paraoxonase 2	HGNC:9205	7q21.3
HLA-DRB1	Approved symbol	HLA-DRB1	major histocompatibility complex, class II, DR beta 1	HGNC:4948	6p21.32
IFNB1	Approved symbol	IFNB1	interferon beta 1	HGNC:5434	9p21.3
MTR	Approved symbol	MTR	5-methyltetrahydrofolate-homocysteine methyltransferase	HGNC:7468	1q43
BHMT	Approved symbol	BHMT	betaine--homocysteine S-methyltransferase	HGNC:1047	5q14.1
TYMS	Approved symbol	TYMS	thymidylate synthetase	HGNC:12441	18p11.32
MYRF	Approved symbol	MYRF	myelin regulatory factor	HGNC:1181	11q12.2
TOMM40	Approved symbol	TOMM40	translocase of outer mitochondrial membrane 40	HGNC:18001	19q13.32
PDX1	Approved symbol	PDX1	pancreatic and duodenal homeobox 1	HGNC:6107	13q12.2
HNF1A	Approved symbol	HNF1A	HNF1 homeobox A	HGNC:11621	12q24.31
KALRN	Approved symbol	KALRN	kalirin RhoGEF kinase	HGNC:4814	3q21.1-q21.2
LIPG	Approved symbol	LIPG	lipase G, endothelial type	HGNC:6623	18q21.1
HLA-A	Approved symbol	HLA-A	major histocompatibility complex, class I, A	HGNC:4931	6p22.1
PHACTR1	Approved symbol	PHACTR1	phosphatase and actin regulator 1	HGNC:20990	6p24.1
FOLH1	Approved symbol	FOLH1	folate hydrolase 1	HGNC:3788	11p11.12
GCH1	Approved symbol	GCH1	GTP cyclohydrolase 1	HGNC:4193	14q22.2
HBA1	Approved symbol	HBA1	hemoglobin subunit alpha 1	HGNC:4823	16p13.3
HLA-B	Approved symbol	HLA-B	major histocompatibility complex, class I, B	HGNC:4932	6p21.33
AGXT2	Approved symbol	AGXT2	alanine--glyoxylate aminotransferase 2	HGNC:14412	5p13.2
H19	Approved symbol	H19	H19 imprinted maternally expressed transcript	HGNC:4713	11p15.5
NOTCH3	Approved symbol	NOTCH3	notch receptor 3	HGNC:7883	19p13.12
GRN	Approved symbol	GRN	granulin precursor	HGNC:4601	17q21.31
ACSL4	Approved symbol	ACSL4	acyl-CoA synthetase long chain family member 4	HGNC:3571	Xq23
FBN1	Approved symbol	FBN1	fibrillin 1	HGNC:3603	15q21.1
PRKCH-AS1	Approved symbol	PRKCH-AS1	PRKCH antisense RNA 1	HGNC:55588	14q23.1
PI4KA	Approved symbol	PI4KA	phosphatidylinositol 4-kinase alpha	HGNC:8983	22q11.21
TP63	Approved symbol	TP63	tumor protein p63	HGNC:15979	3q28
NPPA	Approved symbol	NPPA	natriuretic peptide A	HGNC:7939	1p36.22
TGFB1	Approved symbol	TGFB1	transforming growth factor beta 1	HGNC:11766	19q13.2
LPL	Approved symbol	LPL	lipoprotein lipase	HGNC:6677	8p21.3
HP	Approved symbol	HP	haptoglobin	HGNC:5141	16q22.2
OLR1	Approved symbol	OLR1	oxidized low density lipoprotein receptor 1	HGNC:8133	12p13.2
AGT	Approved symbol	AGT	angiotensinogen	HGNC:333	1q42.2
TNNI3	Approved symbol	TNNI3	troponin I3, cardiac type	HGNC:11947	19q13.42
PAPPA	Approved symbol	PAPPA	pappalysin 1	HGNC:8602	9q33.1
ALDH2	Approved symbol	ALDH2	aldehyde dehydrogenase 2 family member	HGNC:404	12q24.12
LPA	Approved symbol	LPA	lipoprotein(a)	HGNC:6667	6q25.3-q26
PECAM1	Approved symbol	PECAM1	platelet and endothelial cell adhesion molecule 1	HGNC:8823	17q23.3
TP53	Approved symbol	TP53	tumor protein p53	HGNC:11998	17p13.1
REN	Approved symbol	REN	renin	HGNC:9958	1q32.1
EPO	Approved symbol	EPO	erythropoietin	HGNC:3415	7q22.1
CCL2	Approved symbol	CCL2	C-C motif chemokine ligand 2	HGNC:10618	17q12
CD14	Approved symbol	CD14	CD14 molecule	HGNC:1628	5q31.3
AGTR1	Approved symbol	AGTR1	angiotensin II receptor type 1	HGNC:336	3q24
AGER	Approved symbol	AGER	advanced glycosylation end-product specific receptor	HGNC:320	6p21.32
HGF	Approved symbol	HGF	hepatocyte growth factor	HGNC:4893	7q21.11
TNFSF4	Approved symbol	TNFSF4	TNF superfamily member 4	HGNC:11934	1q25.1
SELP	Approved symbol	SELP	selectin P	HGNC:10721	1q24.2
NOS2	Approved symbol	NOS2	nitric oxide synthase 2	HGNC:7873	17q11.2
NR3C2	Approved symbol	NR3C2	nuclear receptor subfamily 3 group C member 2	HGNC:7979	4q31.23
CKM	Approved symbol	CKM	creatine kinase, M-type	HGNC:1994	19q13.32
ICAM1	Approved symbol	ICAM1	intercellular adhesion molecule 1	HGNC:5344	19p13.2
LGALS3	Approved symbol	LGALS3	galectin 3	HGNC:6563	14q22.3
CASP3	Approved symbol	CASP3	caspase 3	HGNC:1504	4q35.1
KIF6	Approved symbol	KIF6	kinesin family member 6	HGNC:21202	6p21.2
HMGB1	Approved symbol	HMGB1	high mobility group box 1	HGNC:4983	13q12.3
CSF3	Approved symbol	CSF3	colony stimulating factor 3	HGNC:2438	17q21.1
COL4A1	Approved symbol	COL4A1	collagen type IV alpha 1 chain	HGNC:2202	13q34
LGALS2	Approved symbol	LGALS2	galectin 2	HGNC:6562	22q13.1
MIAT	Approved symbol	MIAT	myocardial infarction associated transcript	HGNC:33425	22q12.1
ESR1	Approved symbol	ESR1	estrogen receptor 1	HGNC:3467	6q25.1-q25.2
CAT	Approved symbol	CAT	catalase	HGNC:1516	11p13
NGF	Approved symbol	NGF	nerve growth factor	HGNC:7808	1p13.2
SPP1	Approved symbol	SPP1	secreted phosphoprotein 1	HGNC:11255	4q22.1
MMP1	Approved symbol	MMP1	matrix metallopeptidase 1	HGNC:7155	11q22.2
PSMA6	Approved symbol	PSMA6	proteasome 20S subunit alpha 6	HGNC:9535	14q13.2
BCL2	Approved symbol	BCL2	BCL2 apoptosis regulator	HGNC:990	18q21.33
TIMP2	Approved symbol	TIMP2	TIMP metallopeptidase inhibitor 2	HGNC:11821	17q25.3
MYH7	Approved symbol	MYH7	myosin heavy chain 7	HGNC:7577	14q11.2
BRAP	Approved symbol	BRAP	BRCA1 associated protein	HGNC:1099	12q24.12
MIA3	Approved symbol	MIA3	MIA SH3 domain ER export factor 3	HGNC:24008	1q41
MIR145	Approved symbol	MIR145	microRNA 145	HGNC:31532	5q32
NRG1	Approved symbol	NRG1	neuregulin 1	HGNC:7997	8p12
MMP3	Approved symbol	MMP3	matrix metallopeptidase 3	HGNC:7173	11q22.2
SELL	Approved symbol	SELL	selectin L	HGNC:10720	1q24.2
GGT1	Approved symbol	GGT1	gamma-glutamyltransferase 1	HGNC:4250	22q11.23
GATA4	Approved symbol	GATA4	GATA binding protein 4	HGNC:4173	8p23.1
KLK1	Approved symbol	KLK1	kallikrein 1	HGNC:6357	19q13.33
SOD3	Approved symbol	SOD3	superoxide dismutase 3	HGNC:11181	4p15.2
MMP14	Approved symbol	MMP14	matrix metallopeptidase 14	HGNC:7160	14q11.2
CIITA	Approved symbol	CIITA	class II major histocompatibility complex transactivator	HGNC:7067	16p13.13
LRP8	Approved symbol	LRP8	LDL receptor related protein 8	HGNC:6700	1p32.3
VEGFB	Approved symbol	VEGFB	vascular endothelial growth factor B	HGNC:12681	11q13.1
MGP	Approved symbol	MGP	matrix Gla protein	HGNC:7060	12p12.3
GCLM	Approved symbol	GCLM	glutamate-cysteine ligase modifier subunit	HGNC:4312	1p22.1
PLN	Approved symbol	PLN	phospholamban	HGNC:9080	6q22.31
WDR12	Approved symbol	WDR12	WD repeat domain 12	HGNC:14098	2q33.2
TM6SF2	Approved symbol	TM6SF2	transmembrane 6 superfamily member 2	HGNC:11861	19p13.11
SOD2	Approved symbol	SOD2	superoxide dismutase 2	HGNC:11180	6q25.3
PDE3A	Approved symbol	PDE3A	phosphodiesterase 3A	HGNC:8778	12p12.2
BECN1	Approved symbol	BECN1	beclin 1	HGNC:1034	17q21.31
LDHA	Approved symbol	LDHA	lactate dehydrogenase A	HGNC:6535	11p15.1
GJA4	Approved symbol	GJA4	gap junction protein alpha 4	HGNC:4278	1p34.3
ANG	Approved symbol	ANG	angiogenin	HGNC:483	14q11.2
HFE	Approved symbol	HFE	homeostatic iron regulator	HGNC:4886	6p22.2
BRINP3	Approved symbol	BRINP3	BMP/retinoic acid inducible neural specific 3	HGNC:22393	1q31.1
CLU	Approved symbol	CLU	clusterin	HGNC:2095	8p21.1
APEX1	Approved symbol	APEX1	apurinic/apyrimidinic endodeoxyribonuclease 1	HGNC:587	14q11.2
CYP2J2	Approved symbol	CYP2J2	cytochrome P450 family 2 subfamily J member 2	HGNC:2634	1p32.1
GH1	Approved symbol	GH1	growth hormone 1	HGNC:4261	17q23.3
LRP1	Approved symbol	LRP1	LDL receptor related protein 1	HGNC:6692	12q13.3
ADD1	Approved symbol	ADD1	adducin 1	HGNC:243	4p16.3
PGF	Approved symbol	PGF	placental growth factor	HGNC:8893	14q24.3
APOA4	Approved symbol	APOA4	apolipoprotein A4	HGNC:602	11q23.3
ISL1	Approved symbol	ISL1	ISL LIM homeobox 1	HGNC:6132	5q11.1
ITIH4	Approved symbol	ITIH4	inter-alpha-trypsin inhibitor heavy chain 4	HGNC:6169	3p21.1
LRPAP1	Approved symbol	LRPAP1	LDL receptor related protein associated protein 1	HGNC:6701	4p16.3
IL1RN	Approved symbol	IL1RN	interleukin 1 receptor antagonist	HGNC:6000	2q14.1
WRN	Approved symbol	WRN	WRN RecQ like helicase	HGNC:12791	8p12
COL6A3	Approved symbol	COL6A3	collagen type VI alpha 3 chain	HGNC:2213	2q37.3
CREM	Approved symbol	CREM	cAMP responsive element modulator	HGNC:2352	10p11.21
ACTA2	Approved symbol	ACTA2	actin alpha 2, smooth muscle	HGNC:130	10q23.31
TNFRSF12A	Approved symbol	TNFRSF12A	TNF receptor superfamily member 12A	HGNC:18152	16p13.3
MFF	Approved symbol	MFF	mitochondrial fission factor	HGNC:24858	2q36.3
BCL2L1	Approved symbol	BCL2L1	BCL2 like 1	HGNC:992	20q11.21
MLXIPL	Approved symbol	MLXIPL	MLX interacting protein like	HGNC:12744	7q11.23
PCSK2	Approved symbol	PCSK2	proprotein convertase subtilisin/kexin type 2	HGNC:8744	20p12.1
CYP2R1	Approved symbol	CYP2R1	cytochrome P450 family 2 subfamily R member 1	HGNC:20580	11p15.2
XRCC3	Approved symbol	XRCC3	X-ray repair cross complementing 3	HGNC:12830	14q32.33
CTLA4	Approved symbol	CTLA4	cytotoxic T-lymphocyte associated protein 4	HGNC:2505	2q33.2
MIR423	Approved symbol	MIR423	microRNA 423	HGNC:31880	17q11.2
VDAC1	Approved symbol	VDAC1	voltage dependent anion channel 1	HGNC:12669	5q31.1
DAB2IP	Approved symbol	DAB2IP	DAB2 interacting protein	HGNC:17294	9q33.2
MESP1	Approved symbol	MESP1	mesoderm posterior bHLH transcription factor 1	HGNC:29658	15q26.1
CLCN1	Approved symbol	CLCN1	chloride voltage-gated channel 1	HGNC:2019	7q34
IL18BP	Approved symbol	IL18BP	interleukin 18 binding protein	HGNC:5987	11q13.4
ADORA3	Approved symbol	ADORA3	adenosine A3 receptor	HGNC:268	1p13.2
MIR30C1	Approved symbol	MIR30C1	microRNA 30c-1	HGNC:31626	1p34.2
ATP1A1	Approved symbol	ATP1A1	ATPase Na+/K+ transporting subunit alpha 1	HGNC:799	1p13.1
NRIP1	Approved symbol	NRIP1	nuclear receptor interacting protein 1	HGNC:8001	21q11.2-q21.1
MIR761	Approved symbol	MIR761	microRNA 761	HGNC:37305	1p32.3
KLF13	Approved symbol	KLF13	KLF transcription factor 13	HGNC:13672	15q13.3
PHLDA3	Approved symbol	PHLDA3	pleckstrin homology like domain family A member 3	HGNC:8934	1q32.1
MIR125B2	Approved symbol	MIR125B2	microRNA 125b-2	HGNC:31507	21q21.1
GATA5	Approved symbol	GATA5	GATA binding protein 5	HGNC:15802	20q13.33
DRAM1	Approved symbol	DRAM1	DNA damage regulated autophagy modulator 1	HGNC:25645	12q23.2
IDH2	Approved symbol	IDH2	isocitrate dehydrogenase (NADP(+)) 2	HGNC:5383	15q26.1
ATP2A2	Approved symbol	ATP2A2	ATPase sarcoplasmic/endoplasmic reticulum Ca2+ transporting 2	HGNC:812	12q24.11
CACNA1S	Approved symbol	CACNA1S	calcium voltage-gated channel subunit alpha1 S	HGNC:1397	1q32.1
IFNG	Approved symbol	IFNG	interferon gamma	HGNC:5438	12q15
IL2	Approved symbol	IL2	interleukin 2	HGNC:6001	4q27
TNFRSF1A	Approved symbol	TNFRSF1A	TNF receptor superfamily member 1A	HGNC:11916	12p13.31
TLR3	Approved symbol	TLR3	toll like receptor 3	HGNC:11849	4q35.1
HTR1A	Approved symbol	HTR1A	5-hydroxytryptamine receptor 1A	HGNC:5286	5q12.3
CRH	Approved symbol	CRH	corticotropin releasing hormone	HGNC:2355	8q13.1
POMC	Approved symbol	POMC	proopiomelanocortin	HGNC:9201	2p23.3
NLRP3	Approved symbol	NLRP3	NLR family pyrin domain containing 3	HGNC:16400	1q44
MVK	Approved symbol	MVK	mevalonate kinase	HGNC:7530	12q24.11
CCK	Approved symbol	CCK	cholecystokinin	HGNC:1569	3p22.1
HMBS	Approved symbol	HMBS	hydroxymethylbilane synthase	HGNC:4982	11q23.3
ASPG	Approved symbol	ASPG	asparaginase	HGNC:20123	14q32.33
FSHB	Approved symbol	FSHB	follicle stimulating hormone subunit beta	HGNC:3964	11p14.1
TPH2	Approved symbol	TPH2	tryptophan hydroxylase 2	HGNC:20692	12q21.1
EPHX1	Approved symbol	EPHX1	epoxide hydrolase 1	HGNC:3401	1q42.12
CNR1	Approved symbol	CNR1	cannabinoid receptor 1	HGNC:2159	6q15
TRH	Approved symbol	TRH	thyrotropin releasing hormone	HGNC:12298	3q22.1
IL12B	Approved symbol	IL12B	interleukin 12B	HGNC:5970	5q33.3
IL12A	Approved symbol	IL12A	interleukin 12A	HGNC:5969	3q25.33
CHRNB2	Approved symbol	CHRNB2	cholinergic receptor nicotinic beta 2 subunit	HGNC:1962	1q21.3
GNRH1	Approved symbol	GNRH1	gonadotropin releasing hormone 1	HGNC:4419	8p21.2
TSHB	Approved symbol	TSHB	thyroid stimulating hormone subunit beta	HGNC:12372	1p13.2
GCG	Approved symbol	GCG	glucagon	HGNC:4191	2q24.2
LHB	Approved symbol	LHB	luteinizing hormone subunit beta	HGNC:6584	19q13.33
NCF1	Approved symbol	NCF1	neutrophil cytosolic factor 1	HGNC:7660	7q11.23
ZFP91	Approved symbol	ZFP91	ZFP91 zinc finger protein, atypical E3 ubiquitin ligase	HGNC:14983	11q12.1
CLCN6	Approved symbol	CLCN6	chloride voltage-gated channel 6	HGNC:2024	1p36.22
SCN10A	Approved symbol	SCN10A	sodium voltage-gated channel alpha subunit 10	HGNC:10582	3p22.2
RALGAPA1	Approved symbol	RALGAPA1	Ral GTPase activating protein catalytic subunit alpha 1	HGNC:17770	14q13.2
FAM13A	Approved symbol	FAM13A	family with sequence similarity 13 member A	HGNC:19367	4q22.1
ELN	Approved symbol	ELN	elastin	HGNC:3327	7q11.23
SFTPD	Approved symbol	SFTPD	surfactant protein D	HGNC:10803	10q22.3
CRP	Approved symbol	CRP	C-reactive protein	HGNC:2367	1q23.2
CHRNA3	Approved symbol	CHRNA3	cholinergic receptor nicotinic alpha 3 subunit	HGNC:1957	15q25.1
HHIP	Approved symbol	HHIP	hedgehog interacting protein	HGNC:14866	4q31.21
CHRNA5	Approved symbol	CHRNA5	cholinergic receptor nicotinic alpha 5 subunit	HGNC:1959	15q25.1
SCGB1A1	Approved symbol	SCGB1A1	secretoglobin family 1A member 1	HGNC:12523	11q12.3
GC	Approved symbol	GC	GC vitamin D binding protein	HGNC:4187	4q13.3
ADAM33	Approved symbol	ADAM33	ADAM metallopeptidase domain 33	HGNC:15478	20p13
SFTPB	Approved symbol	SFTPB	surfactant protein B	HGNC:10801	2p11.2
GSTP1	Approved symbol	GSTP1	glutathione S-transferase pi 1	HGNC:4638	11q13.2
GSTT1	Approved symbol	GSTT1	glutathione S-transferase theta 1	HGNC:4641	22q11.23 alternate reference locus
CHRNB4	Approved symbol	CHRNB4	cholinergic receptor nicotinic beta 4 subunit	HGNC:1964	15q25.1
HYKK	Approved symbol	HYKK	hydroxylysine kinase	HGNC:34403	15q25.1
GSTM1	Approved symbol	GSTM1	glutathione S-transferase mu 1	HGNC:4632	1p13.3
SERPINA3	Approved symbol	SERPINA3	serpin family A member 3	HGNC:16	14q32.13
MBL2	Approved symbol	MBL2	mannose binding lectin 2	HGNC:6922	10q21.1
DSP	Approved symbol	DSP	desmoplakin	HGNC:3052	6p24.3
CXCL1	Approved symbol	CXCL1	C-X-C motif chemokine ligand 1	HGNC:4602	4q13.3
CYP1A2	Approved symbol	CYP1A2	cytochrome P450 family 1 subfamily A member 2	HGNC:2596	15q24.1
MIF	Approved symbol	MIF	macrophage migration inhibitory factor	HGNC:7097	22q11.23
FOXO3	Approved symbol	FOXO3	forkhead box O3	HGNC:3821	6q21
CXCL2	Approved symbol	CXCL2	C-X-C motif chemokine ligand 2	HGNC:4603	4q13.3
BDKRB2	Approved symbol	BDKRB2	bradykinin receptor B2	HGNC:1030	14q32.2
NQO1	Approved symbol	NQO1	NAD(P)H quinone dehydrogenase 1	HGNC:2874	16q22.1
SFTPA1	Approved symbol	SFTPA1	surfactant protein A1	HGNC:10798	10q22.3
CD86	Approved symbol	CD86	CD86 molecule	HGNC:1705	3q13.33
NAT2	Approved symbol	NAT2	N-acetyltransferase 2	HGNC:7646	8p22
ABCC1	Approved symbol	ABCC1	ATP binding cassette subfamily C member 1 (ABCC1 blood group)	HGNC:51	16p13.11
RTEL1	Approved symbol	RTEL1	regulator of telomere elongation helicase 1	HGNC:15888	20q13.33
XRCC5	Approved symbol	XRCC5	X-ray repair cross complementing 5	HGNC:12833	2q35
CLCA1	Approved symbol	CLCA1	chloride channel accessory 1	HGNC:2015	1p22.3
DEFB1	Approved symbol	DEFB1	defensin beta 1	HGNC:2766	8p23.1
IL27	Approved symbol	IL27	interleukin 27	HGNC:19157	16p12.1-p11.2
LCN1	Approved symbol	LCN1	lipocalin 1	HGNC:6525	9q34.3
CDKN1A	Approved symbol	CDKN1A	cyclin dependent kinase inhibitor 1A	HGNC:1784	6p21.2
KLF5	Approved symbol	KLF5	KLF transcription factor 5	HGNC:6349	13q22.1
CDKN2A	Approved symbol	CDKN2A	cyclin dependent kinase inhibitor 2A	HGNC:1787	9p21.3
TNNT2	Approved symbol	TNNT2	troponin T2, cardiac type	HGNC:11949	1q32.1
CD8A	Approved symbol	CD8A	CD8 subunit alpha	HGNC:1706	2p11.2
MIR218-2	Approved symbol	MIR218-2	microRNA 218-2	HGNC:31596	5q34
CCL1	Approved symbol	CCL1	C-C motif chemokine ligand 1	HGNC:10609	17q12
HLA-DPB1	Approved symbol	HLA-DPB1	major histocompatibility complex, class II, DP beta 1	HGNC:4940	6p21.32
SFTPC	Approved symbol	SFTPC	surfactant protein C	HGNC:10802	8p21.3
TERT	Approved symbol	TERT	telomerase reverse transcriptase	HGNC:11730	5p15.33
LRP1B	Approved symbol	LRP1B	LDL receptor related protein 1B	HGNC:6693	2q22.1-q22.2
GRIK5	Approved symbol	GRIK5	glutamate ionotropic receptor kainate type subunit 5	HGNC:4583	19q13.2
GRIN2B	Approved symbol	GRIN2B	glutamate ionotropic receptor NMDA type subunit 2B	HGNC:4586	12p13.1
IL13RA1	Approved symbol	IL13RA1	interleukin 13 receptor subunit alpha 1	HGNC:5974	Xq24
RAPGEF3	Approved symbol	RAPGEF3	Rap guanine nucleotide exchange factor 3	HGNC:16629	12q13.11
TNFSF8	Approved symbol	TNFSF8	TNF superfamily member 8	HGNC:11938	9q32-q33.1
TNFRSF8	Approved symbol	TNFRSF8	TNF receptor superfamily member 8	HGNC:11923	1p36.22
CRHR1	Approved symbol	CRHR1	corticotropin releasing hormone receptor 1	HGNC:2357	17q21.31
TOLLIP	Approved symbol	TOLLIP	toll interacting protein	HGNC:16476	11p15.5
CHRNA7	Approved symbol	CHRNA7	cholinergic receptor nicotinic alpha 7 subunit	HGNC:1960	15q13.3
MTCL1	Approved symbol	MTCL1	microtubule crosslinking factor 1	HGNC:29121	18p11.22
EEFSEC	Approved symbol	EEFSEC	eukaryotic elongation factor, selenocysteine-tRNA specific	HGNC:24614	3q21.3
LOX	Approved symbol	LOX	lysyl oxidase	HGNC:6664	5q23.1
SRFBP1	Approved symbol	SRFBP1	serum response factor binding protein 1	HGNC:26333	5q23.1
DHX34	Approved symbol	DHX34	DExH-box helicase 34	HGNC:16719	19q13.32
HMGCR	Approved symbol	HMGCR	3-hydroxy-3-methylglutaryl-CoA reductase	HGNC:5006	5q13.3
IQCG	Previous symbol	DRC9	dynein regulatory complex subunit 9	HGNC:25251	3q29
CYTB	Alias symbol	MT-CYB	mitochondrially encoded cytochrome b	HGNC:7427	mitochondria
ND2	Alias symbol	MT-ND2	mitochondrially encoded NADH:ubiquinone oxidoreductase core subunit 2	HGNC:7456	mitochondria
